fold,test_year,k_sl,k_tp,min_tp,max_time,train_expectancy,train_win_rate,train_ignition_score,test_expectancy,test_risk_adj_return,test_win_rate,test_loss_rate,test_time_rate,test_avg_days,test_risk_reward,test_ignition_score,test_avg_win,test_avg_time,test_trades
2,2022,1.0,4.0,0.2,30,0.01061214849666336,0.05390093881515053,2.167957902766326,-0.019938226031203658,-0.5913901316593358,0.023558586484810913,0.7600743955362679,0.21636701797892127,8.495970241785493,4.581537424273907,2.3824546274425296,0.23657585826593147,0.06348554714903487,1613
2,2022,1.0,4.0,0.2,45,0.01061214849666336,0.05390093881515053,2.167957902766326,-0.019937296313760663,-0.5910606415602202,0.023558586484810913,0.7600743955362679,0.21636701797892127,8.500309981401116,4.581537424273907,2.382387887202996,0.23657585826593147,0.06348984409526855,1613
2,2022,1.0,4.0,0.2,60,0.01061214849666336,0.05390093881515053,2.167957902766326,-0.019937296313760663,-0.5910606415602202,0.023558586484810913,0.7600743955362679,0.21636701797892127,8.500309981401116,4.581537424273907,2.382387887202996,0.23657585826593147,0.06348984409526855,1613
2,2022,1.5,4.0,0.2,30,0.014637390365484042,0.060861120103593395,2.095460761121567,-0.024611464129881962,-0.6021771801395233,0.02541847489150651,0.6794792312461252,0.29510229386236825,10.299442033477991,3.5460229937852144,2.308488869660074,0.23979405959396285,0.05164994988823403,1613
2,2022,1.5,4.0,0.2,45,0.014637390365484042,0.060861120103593395,2.095460761121567,-0.024610534412438965,-0.6019008174386606,0.02541847489150651,0.6794792312461252,0.29510229386236825,10.303781773093615,3.5460229937852144,2.3084428540912048,0.23979405959396285,0.05165310038032553,1613
2,2022,1.5,4.0,0.2,60,0.014637390365484042,0.060861120103593395,2.095460761121567,-0.024610534412438965,-0.6019008174386606,0.02541847489150651,0.6794792312461252,0.29510229386236825,10.303781773093615,3.5460229937852144,2.3084428540912048,0.23979405959396285,0.05165310038032553,1613
2,2022,1.0,3.0,0.2,30,0.010911313320687312,0.06021366137908708,2.0762430479492147,-0.019696093793128158,-0.5862616740374605,0.02541847489150651,0.7600743955362679,0.21450712957222567,8.466212027278363,4.4741368351326996,2.293043852968991,0.23103003724530005,0.06377071197132095,1613
2,2022,1.0,3.0,0.2,45,0.010911313320687312,0.06021366137908708,2.0762430479492147,-0.019695164075685164,-0.5859336538701752,0.02541847489150651,0.7600743955362679,0.21450712957222567,8.470551766893987,4.4741368351326996,2.2929772772358303,0.23103003724530005,0.06377504617431387,1613
2,2022,1.0,3.0,0.2,60,0.010911313320687312,0.06021366137908708,2.0762430479492147,-0.019695164075685164,-0.5859336538701752,0.02541847489150651,0.7600743955362679,0.21450712957222567,8.470551766893987,4.4741368351326996,2.2929772772358303,0.23103003724530005,0.06377504617431387,1613
4,2024,1.0,4.0,0.2,30,0.011782284499851012,0.065921963499056,2.07600374580887,0.004128160083797043,0.10399568188123127,0.054195233431276524,0.6284688214169115,0.31733594515181196,10.00326477309827,5.7836486095888695,2.289369733403158,0.2598561072191518,0.05761071729335856,3063
4,2024,1.0,4.0,0.2,45,0.011782284499851012,0.065921963499056,2.07600374580887,0.004128160083797043,0.10399568188123127,0.054195233431276524,0.6284688214169115,0.31733594515181196,10.00326477309827,5.7836486095888695,2.289369733403158,0.2598561072191518,0.05761071729335856,3063
4,2024,1.0,4.0,0.2,60,0.011782284499851012,0.065921963499056,2.07600374580887,0.004128160083797043,0.10399568188123127,0.054195233431276524,0.6284688214169115,0.31733594515181196,10.00326477309827,5.7836486095888695,2.289369733403158,0.2598561072191518,0.05761071729335856,3063
2,2022,1.0,2.0,0.2,30,0.01083154993804808,0.06215603755260602,2.031098187717048,-0.01970933143303346,-0.5866986600932778,0.02541847489150651,0.7600743955362679,0.21450712957222567,8.465592064476132,4.4640512316944765,2.2879429264893805,0.23050924911926932,0.06377071197132095,1613
2,2022,1.0,2.0,0.2,45,0.01083154993804808,0.06215603755260602,2.031098187717048,-0.019708401715590466,-0.586370392017739,0.02541847489150651,0.7600743955362679,0.21450712957222567,8.469931804091754,4.4640512316944765,2.28787629563102,0.23050924911926932,0.06377504617431387,1613
2,2022,1.0,2.0,0.2,60,0.01083154993804808,0.06215603755260602,2.031098187717048,-0.019708401715590466,-0.586370392017739,0.02541847489150651,0.7600743955362679,0.21450712957222567,8.469931804091754,4.4640512316944765,2.28787629563102,0.23050924911926932,0.06377504617431387,1613
2,2022,2.0,4.0,0.2,30,0.01649000143631052,0.0637746843638718,2.092052409659766,-0.027941125790995947,-0.5861579813697805,0.026658400495970243,0.597024178549287,0.37631742095474274,12.012399256044638,2.9023203847021652,2.2635050218040917,0.2395742728354525,0.039737804786613304,1613
2,2022,2.0,4.0,0.2,45,0.01649000143631052,0.0637746843638718,2.092052409659766,-0.027940196073552956,-0.5859267986995569,0.026658400495970243,0.597024178549287,0.37631742095474274,12.01673899566026,2.9023203847021652,2.2634699889990566,0.2395742728354525,0.03974027535372294,1613
2,2022,2.0,4.0,0.2,60,0.01649000143631052,0.0637746843638718,2.092052409659766,-0.027940196073552956,-0.5859267986995569,0.026658400495970243,0.597024178549287,0.37631742095474274,12.01673899566026,2.9023203847021652,2.2634699889990566,0.2395742728354525,0.03974027535372294,1613
2,2022,1.5,3.0,0.2,30,0.014864787461165603,0.0674975720297831,2.0123132866388063,-0.024392430971596872,-0.5985835409086459,0.02727836329820211,0.6794792312461252,0.29324240545567265,10.26906385616863,3.4538372591355126,2.2251769665210643,0.23356014865005575,0.051783481044108404,1613
2,2022,1.5,3.0,0.2,45,0.014864787461165603,0.0674975720297831,2.0123132866388063,-0.024391501254153874,-0.5983078790527699,0.02727836329820211,0.6794792312461252,0.29324240545567265,10.273403595784252,3.4538372591355126,2.225131162703805,0.23356014865005575,0.05178665151817934,1613
2,2022,1.5,3.0,0.2,60,0.014864787461165603,0.0674975720297831,2.0123132866388063,-0.024391501254153874,-0.5983078790527699,0.02727836329820211,0.6794792312461252,0.29324240545567265,10.273403595784252,3.4538372591355126,2.225131162703805,0.23356014865005575,0.05178665151817934,1613
2,2022,1.5,2.0,0.2,30,0.014789875476712257,0.06960181288442861,1.9712569600456262,-0.02440566861150218,-0.5989445483625527,0.02727836329820211,0.6794792312461252,0.29324240545567265,10.268443893366397,3.4466610451347255,2.2208349283619127,0.2330748688053453,0.051783481044108404,1613
2,2022,1.5,2.0,0.2,45,0.014789875476712257,0.06960181288442861,1.9712569600456262,-0.024404738894059183,-0.5986687173628003,0.02727836329820211,0.6794792312461252,0.29324240545567265,10.272783632982021,3.4466610451347255,2.220789096075992,0.2330748688053453,0.05178665151817934,1613
2,2022,1.5,2.0,0.2,60,0.014789875476712257,0.06960181288442861,1.9712569600456262,-0.024404738894059183,-0.5986687173628003,0.02727836329820211,0.6794792312461252,0.29324240545567265,10.272783632982021,3.4466610451347255,2.220789096075992,0.2330748688053453,0.05178665151817934,1613
4,2024,1.0,3.0,0.2,30,0.01122403582991794,0.07016991818753933,1.9719301489847387,0.0034565744588434134,0.08740530276803338,0.056480574600065295,0.6281423441070846,0.31537708129285014,9.965719882468168,5.4493343697813215,2.206815755560379,0.24472057253348123,0.05657813548054768,3063
4,2024,1.0,3.0,0.2,45,0.01122403582991794,0.07016991818753933,1.9719301489847387,0.0034565744588434134,0.08740530276803338,0.056480574600065295,0.6281423441070846,0.31537708129285014,9.965719882468168,5.4493343697813215,2.206815755560379,0.24472057253348123,0.05657813548054768,3063
4,2024,1.0,3.0,0.2,60,0.01122403582991794,0.07016991818753933,1.9719301489847387,0.0034565744588434134,0.08740530276803338,0.056480574600065295,0.6281423441070846,0.31537708129285014,9.965719882468168,5.4493343697813215,2.206815755560379,0.24472057253348123,0.05657813548054768,3063
2,2022,2.0,3.0,0.2,30,0.01664379471836912,0.07057300097118809,2.0120899489651434,-0.02774811025630572,-0.5836450641418952,0.02851828890266584,0.597024178549287,0.3744575325480471,11.980781153130811,2.819204666092357,2.1825745538670733,0.2327134217894766,0.03978320843135456,1613
2,2022,2.0,3.0,0.2,45,0.01664379471836912,0.07057300097118809,2.0120899489651434,-0.02774718053886272,-0.5834141814977635,0.02851828890266584,0.597024178549287,0.3744575325480471,11.985120892746435,2.819204666092357,2.1825397358938305,0.2327134217894766,0.03978569126949289,1613
2,2022,2.0,3.0,0.2,60,0.01664379471836912,0.07057300097118809,2.0120899489651434,-0.02774718053886272,-0.5834141814977635,0.02851828890266584,0.597024178549287,0.3744575325480471,11.985120892746435,2.819204666092357,2.1825397358938305,0.2327134217894766,0.03978569126949289,1613
2,2022,2.0,2.0,0.2,30,0.016630963509488374,0.07283910650696018,1.9727621697274593,-0.027761347896211028,-0.5839537180428624,0.02851828890266584,0.597024178549287,0.3744575325480471,11.98016119032858,2.8135813529006732,2.1786749215983687,0.2322492410684492,0.03978320843135456,1613
2,2022,2.0,2.0,0.2,45,0.016630963509488374,0.07283910650696018,1.9727621697274593,-0.02776041817876803,-0.5837227116875958,0.02851828890266584,0.597024178549287,0.3744575325480471,11.984500929944204,2.8135813529006732,2.1786400864344553,0.2322492410684492,0.03978569126949289,1613
2,2022,2.0,2.0,0.2,60,0.016630963509488374,0.07283910650696018,1.9727621697274593,-0.02776041817876803,-0.5837227116875958,0.02851828890266584,0.597024178549287,0.3744575325480471,11.984500929944204,2.8135813529006732,2.1786400864344553,0.2322492410684492,0.03978569126949289,1613
4,2024,1.5,4.0,0.2,30,0.013268273151690949,0.07001258653241033,2.046145169606665,0.007578868356738426,0.15260066758121374,0.059745347698334964,0.5011426705843944,0.43911198171727067,12.515507672216781,4.385707286103971,2.171331189446429,0.2625328920162657,0.04985666423399987,3063
4,2024,1.5,4.0,0.2,45,0.013268273151690949,0.07001258653241033,2.046145169606665,0.007578868356738426,0.15260066758121374,0.059745347698334964,0.5011426705843944,0.43911198171727067,12.515507672216781,4.385707286103971,2.171331189446429,0.2625328920162657,0.04985666423399987,3063
4,2024,1.5,4.0,0.2,60,0.013268273151690949,0.07001258653241033,2.046145169606665,0.007578868356738426,0.15260066758121374,0.059745347698334964,0.5011426705843944,0.43911198171727067,12.515507672216781,4.385707286103971,2.171331189446429,0.2625328920162657,0.04985666423399987,3063
4,2024,1.0,2.0,0.2,30,0.011030285090853909,0.07284455632473254,1.927987940682768,0.003340494641873814,0.0846919902181308,0.05778648383937316,0.6278158667972575,0.3143976493633692,9.939601697682011,5.3326592736438405,2.1684811578287375,0.2392526849105585,0.05624159939143774,3063
4,2024,1.0,2.0,0.2,45,0.011030285090853909,0.07284455632473254,1.927987940682768,0.003340494641873814,0.0846919902181308,0.05778648383937316,0.6278158667972575,0.3143976493633692,9.939601697682011,5.3326592736438405,2.1684811578287375,0.2392526849105585,0.05624159939143774,3063
4,2024,1.0,2.0,0.2,60,0.011030285090853909,0.07284455632473254,1.927987940682768,0.003340494641873814,0.0846919902181308,0.05778648383937316,0.6278158667972575,0.3143976493633692,9.939601697682011,5.3326592736438405,2.1684811578287375,0.2392526849105585,0.05624159939143774,3063
4,2024,2.0,4.0,0.2,30,0.014483154054934718,0.07252989301447452,2.044744820343364,0.010415489742916874,0.18047561084729727,0.06301012079660463,0.3852432255958211,0.5517466536075742,14.543258243552073,3.4760879311980566,2.142086935494177,0.26117196580610325,0.041511497912945484,3063
4,2024,2.0,4.0,0.2,45,0.014483154054934718,0.07252989301447452,2.044744820343364,0.010415489742916874,0.18047561084729727,0.06301012079660463,0.3852432255958211,0.5517466536075742,14.543258243552073,3.4760879311980566,2.142086935494177,0.26117196580610325,0.041511497912945484,3063
4,2024,2.0,4.0,0.2,60,0.014483154054934718,0.07252989301447452,2.044744820343364,0.010415489742916874,0.18047561084729727,0.06301012079660463,0.3852432255958211,0.5517466536075742,14.543258243552073,3.4760879311980566,2.142086935494177,0.26117196580610325,0.041511497912945484,3063
5,2025,1.0,4.0,0.2,30,-0.0006306915341746447,0.0480672268907563,2.2335268291266344,0.008017687057244715,0.18220667192265727,0.05257784583971414,0.5513016845329249,0.3961204696273609,11.088820826952526,4.866366200875407,2.1177144813778503,0.27236363654826695,0.061983592210298234,1959
5,2025,1.0,4.0,0.2,45,-0.0006304394948073271,0.0480672268907563,2.233517270211159,0.008018980099942279,0.1821605865994066,0.05257784583971414,0.5513016845329249,0.3961204696273609,11.093415007656969,4.866366200875407,2.1176817001069312,0.27236363654826695,0.06198685647659273,1959
5,2025,1.0,4.0,0.2,60,-0.0006304394948073271,0.0480672268907563,2.233517270211159,0.008018980099942279,0.1821605865994066,0.05257784583971414,0.5513016845329249,0.3961204696273609,11.093415007656969,4.866366200875407,2.1176817001069312,0.27236363654826695,0.06198685647659273,1959
4,2024,1.5,3.0,0.2,30,0.012638533511541022,0.07457520453115167,1.9440442416436046,0.0071404168705515685,0.14428053435533672,0.06301012079660463,0.5004897159647405,0.4365001632386549,12.47143323539014,4.166139442430732,2.095645680478687,0.24915637030964288,0.04896419591832264,3063
4,2024,1.5,3.0,0.2,45,0.012638533511541022,0.07457520453115167,1.9440442416436046,0.0071404168705515685,0.14428053435533672,0.06301012079660463,0.5004897159647405,0.4365001632386549,12.47143323539014,4.166139442430732,2.095645680478687,0.24915637030964288,0.04896419591832264,3063
4,2024,1.5,3.0,0.2,60,0.012638533511541022,0.07457520453115167,1.9440442416436046,0.0071404168705515685,0.14428053435533672,0.06301012079660463,0.5004897159647405,0.4365001632386549,12.47143323539014,4.166139442430732,2.095645680478687,0.24915637030964288,0.04896419591832264,3063
5,2025,2.0,4.0,0.2,30,-5.8103126818458833e-05,0.054285714285714284,2.119363737248597,0.0124032474819019,0.2159514134829494,0.062276671771311895,0.3343542623787647,0.6033690658499234,14.473711077080143,3.0029151862220296,2.0888372998229183,0.27858639450681993,0.04321156522351937,1959
5,2025,2.0,4.0,0.2,45,-5.78510874511412e-05,0.054285714285714284,2.1193587857980645,0.012404540524599463,0.21590539476423395,0.062276671771311895,0.3343542623787647,0.6033690658499234,14.478305257784584,3.0029151862220296,2.0888192740147717,0.27858639450681993,0.0432137082612897,1959
5,2025,2.0,4.0,0.2,60,-5.78510874511412e-05,0.054285714285714284,2.1193587857980645,0.012404540524599463,0.21590539476423395,0.062276671771311895,0.3343542623787647,0.6033690658499234,14.478305257784584,3.0029151862220296,2.0888192740147717,0.27858639450681993,0.0432137082612897,1959
3,2023,1.0,4.0,0.2,30,0.003963923512672388,0.05466237942122187,2.19626608153471,0.012613888772349638,0.2847258177165718,0.05799151343705799,0.553983969825554,0.388024516737388,11.164073550212164,5.382957971360565,2.080742254308303,0.24356699523505881,0.06070653753183027,2121
3,2023,1.0,4.0,0.2,45,0.003963923512672388,0.05466237942122187,2.19626608153471,0.012613888772349638,0.2847258177165718,0.05799151343705799,0.553983969825554,0.388024516737388,11.164073550212164,5.382957971360565,2.080742254308303,0.24356699523505881,0.06070653753183027,2121
3,2023,1.0,4.0,0.2,60,0.003963923512672388,0.05466237942122187,2.19626608153471,0.012613888772349638,0.2847258177165718,0.05799151343705799,0.553983969825554,0.388024516737388,11.164073550212164,5.382957971360565,2.080742254308303,0.24356699523505881,0.06070653753183027,2121
4,2024,2.0,3.0,0.2,30,0.01385483513840758,0.07724984266834486,1.9486943172090998,0.009998221431394564,0.17379154090841578,0.06660137120470128,0.38491674828599415,0.5484818805093046,14.497551420176297,3.3165404515627235,2.0788165654752095,0.2490271791500815,0.04068446874503339,3063
4,2024,2.0,3.0,0.2,45,0.01385483513840758,0.07724984266834486,1.9486943172090998,0.009998221431394564,0.17379154090841578,0.06660137120470128,0.38491674828599415,0.5484818805093046,14.497551420176297,3.3165404515627235,2.0788165654752095,0.2490271791500815,0.04068446874503339,3063
4,2024,2.0,3.0,0.2,60,0.01385483513840758,0.07724984266834486,1.9486943172090998,0.009998221431394564,0.17379154090841578,0.06660137120470128,0.38491674828599415,0.5484818805093046,14.497551420176297,3.3165404515627235,2.0788165654752095,0.2490271791500815,0.04068446874503339,3063
5,2025,1.5,4.0,0.2,30,-0.0005316809158512348,0.05126050420168067,2.160573752940306,0.009962836409322495,0.19289095319309033,0.05768249106687085,0.4369576314446146,0.5053598774885145,13.015824400204187,3.700548119973268,2.077877583280589,0.27834889103793853,0.052980429923731795,1959
5,2025,1.5,4.0,0.2,45,-0.0005314288764839172,0.05126050420168067,2.160567290815874,0.009964129452020059,0.19284791854470687,0.05768249106687085,0.4369576314446146,0.5053598774885145,13.020418580908627,3.700548119973268,2.0778545007840545,0.27834889103793853,0.052982988580948485,1959
5,2025,1.5,4.0,0.2,60,-0.0005314288764839172,0.05126050420168067,2.160567290815874,0.009964129452020059,0.19284791854470687,0.05768249106687085,0.4369576314446146,0.5053598774885145,13.020418580908627,3.700548119973268,2.0778545007840545,0.27834889103793853,0.052982988580948485,1959
3,2023,1.5,4.0,0.2,30,0.006060498503919657,0.06109324758842444,2.103121698168616,0.014428914668674409,0.27257155082664597,0.05987741631305988,0.4332861857614333,0.5068363979255068,13.33993399339934,4.064163698809662,2.073549575933438,0.24490199278768482,0.051050320678590305,2121
3,2023,1.5,4.0,0.2,45,0.006060498503919657,0.06109324758842444,2.103121698168616,0.014428914668674409,0.27257155082664597,0.05987741631305988,0.4332861857614333,0.5068363979255068,13.33993399339934,4.064163698809662,2.073549575933438,0.24490199278768482,0.051050320678590305,2121
3,2023,1.5,4.0,0.2,60,0.006060498503919657,0.06109324758842444,2.103121698168616,0.014428914668674409,0.27257155082664597,0.05987741631305988,0.4332861857614333,0.5068363979255068,13.33993399339934,4.064163698809662,2.073549575933438,0.24490199278768482,0.051050320678590305,2121
4,2024,1.5,2.0,0.2,30,0.012499118645736523,0.0777218376337319,1.899037631886494,0.006777713636733273,0.13728231581471428,0.0643160300359125,0.5001632386549135,0.435520731309174,12.44139732288606,4.018437660542122,2.0667123528836795,0.2399616148468536,0.04870413139620903,3063
4,2024,1.5,2.0,0.2,45,0.012499118645736523,0.0777218376337319,1.899037631886494,0.006777713636733273,0.13728231581471428,0.0643160300359125,0.5001632386549135,0.435520731309174,12.44139732288606,4.018437660542122,2.0667123528836795,0.2399616148468536,0.04870413139620903,3063
4,2024,1.5,2.0,0.2,60,0.012499118645736523,0.0777218376337319,1.899037631886494,0.006777713636733273,0.13728231581471428,0.0643160300359125,0.5001632386549135,0.435520731309174,12.44139732288606,4.018437660542122,2.0667123528836795,0.2399616148468536,0.04870413139620903,3063
3,2023,2.0,4.0,0.2,30,0.007497649061546853,0.06430868167202572,2.0926076732436414,0.01583370830519874,0.26979694017668593,0.0627062706270627,0.3521923620933522,0.5851013672795851,14.78925035360679,3.3400309718835746,2.0664330694357216,0.24965535529164454,0.045297911548891234,2121
3,2023,2.0,4.0,0.2,45,0.007497649061546853,0.06430868167202572,2.0926076732436414,0.01583370830519874,0.26979694017668593,0.0627062706270627,0.3521923620933522,0.5851013672795851,14.78925035360679,3.3400309718835746,2.0664330694357216,0.24965535529164454,0.045297911548891234,2121
3,2023,2.0,4.0,0.2,60,0.007497649061546853,0.06430868167202572,2.0926076732436414,0.01583370830519874,0.26979694017668593,0.0627062706270627,0.3521923620933522,0.5851013672795851,14.78925035360679,3.3400309718835746,2.0664330694357216,0.24965535529164454,0.045297911548891234,2121
4,2024,2.0,2.0,0.2,30,0.013782136860537544,0.08055380742605413,1.9059318696051528,0.009602317115220985,0.1672676790329334,0.06823375775383611,0.38459027097616716,0.5471759712699967,14.466536075742736,3.196208966637717,2.0484267432169196,0.23965950765545832,0.040365369939046686,3063
4,2024,2.0,2.0,0.2,45,0.013782136860537544,0.08055380742605413,1.9059318696051528,0.009602317115220985,0.1672676790329334,0.06823375775383611,0.38459027097616716,0.5471759712699967,14.466536075742736,3.196208966637717,2.0484267432169196,0.23965950765545832,0.040365369939046686,3063
4,2024,2.0,2.0,0.2,60,0.013782136860537544,0.08055380742605413,1.9059318696051528,0.009602317115220985,0.1672676790329334,0.06823375775383611,0.38459027097616716,0.5471759712699967,14.466536075742736,3.196208966637717,2.0484267432169196,0.23965950765545832,0.040365369939046686,3063
5,2025,1.0,3.0,0.2,30,-0.0010993060944846506,0.04991596638655462,2.131253488531897,0.00831962446279438,0.18984618513907625,0.058703420112302195,0.5492598264420623,0.39203675344563554,11.043389484430833,4.669864632081086,2.0426092839675825,0.25968242505649536,0.060246106748947925,1959
5,2025,1.0,3.0,0.2,45,-0.0010990540551173295,0.04991596638655462,2.1312435765346724,0.008320917505491944,0.18979673349818404,0.058703420112302195,0.5492598264420623,0.39203675344563554,11.047983665135273,4.669864632081086,2.042575664246492,0.25968242505649536,0.060249405018016323,1959
5,2025,1.0,3.0,0.2,60,-0.0010990540551173295,0.04991596638655462,2.1312435765346724,0.008320917505491944,0.18979673349818404,0.058703420112302195,0.5492598264420623,0.39203675344563554,11.047983665135273,4.669864632081086,2.042575664246492,0.25968242505649536,0.060249405018016323,1959
5,2025,2.0,3.0,0.2,30,-0.0004305276153936319,0.05714285714285714,2.033805785607724,0.012500829772728882,0.218559981309092,0.06840224604389995,0.3333333333333333,0.5982644206227667,14.413476263399694,2.868456972264773,2.0124959308943264,0.2654217521696174,0.04210365292911765,1959
5,2025,2.0,3.0,0.2,45,-0.00043027557602631425,0.05714285714285714,2.033800687393819,0.012502122815426446,0.2185129391412973,0.06840224604389995,0.3333333333333333,0.5982644206227667,14.418070444104135,2.868456972264773,2.012477460284947,0.2654217521696174,0.04210581425219318,1959
5,2025,2.0,3.0,0.2,60,-0.00043027557602631425,0.05714285714285714,2.033800687393819,0.012502122815426446,0.2185129391412973,0.06840224604389995,0.3333333333333333,0.5982644206227667,14.418070444104135,2.868456972264773,2.012477460284947,0.2654217521696174,0.04210581425219318,1959
1,2021,1.0,4.0,0.2,30,0.006492247309515545,0.04750479846449136,2.3848961779082494,0.02080269221622097,0.44125876601378256,0.08028169014084507,0.5557746478873239,0.363943661971831,11.880281690140846,6.052894494676134,2.0020659357803914,0.28466960964847354,0.0661838657336192,3550
1,2021,1.0,4.0,0.2,45,0.006492247309515545,0.04750479846449136,2.3848961779082494,0.02080269221622097,0.44125876601378256,0.08028169014084507,0.5557746478873239,0.363943661971831,11.880281690140846,6.052894494676134,2.0020659357803914,0.28466960964847354,0.0661838657336192,3550
1,2021,1.0,4.0,0.2,60,0.006492247309515545,0.04750479846449136,2.3848961779082494,0.02080269221622097,0.44125876601378256,0.08028169014084507,0.5557746478873239,0.363943661971831,11.880281690140846,6.052894494676134,2.0020659357803914,0.28466960964847354,0.0661838657336192,3550
3,2023,1.0,3.0,0.2,30,0.004454378278783085,0.06007784735149772,2.110629108507922,0.012186085288171602,0.27621242092555087,0.05987741631305988,0.553983969825554,0.38613861386138615,11.117868929750118,5.14557901452798,2.001169520396815,0.23282612013342177,0.06037110177743879,2121
3,2023,1.0,3.0,0.2,45,0.004454378278783085,0.06007784735149772,2.110629108507922,0.012186085288171602,0.27621242092555087,0.05987741631305988,0.553983969825554,0.38613861386138615,11.117868929750118,5.14557901452798,2.001169520396815,0.23282612013342177,0.06037110177743879,2121
3,2023,1.0,3.0,0.2,60,0.004454378278783085,0.06007784735149772,2.110629108507922,0.012186085288171602,0.27621242092555087,0.05987741631305988,0.553983969825554,0.38613861386138615,11.117868929750118,5.14557901452798,2.001169520396815,0.23282612013342177,0.06037110177743879,2121
5,2025,1.5,3.0,0.2,30,-0.0009079571081472317,0.05394957983193277,2.0630988796089333,0.010200117187745508,0.1982234953288962,0.0638080653394589,0.4349157733537519,0.5012761613067892,12.967330270546197,3.541511481338022,2.000805200760207,0.26509429337417134,0.05154823630600311,1959
5,2025,1.5,3.0,0.2,45,-0.000907705068779914,0.05394957983193277,2.063092211864051,0.010201410230443072,0.19817841120897098,0.0638080653394589,0.4349157733537519,0.5012761613067892,12.971924451250638,3.541511481338022,2.00078159146261,0.26509429337417134,0.05155081580767778,1959
5,2025,1.5,3.0,0.2,60,-0.000907705068779914,0.05394957983193277,2.063092211864051,0.010201410230443072,0.19817841120897098,0.0638080653394589,0.4349157733537519,0.5012761613067892,12.971924451250638,3.541511481338022,2.00078159146261,0.26509429337417134,0.05155081580767778,1959
1,2021,2.0,4.0,0.2,30,0.010356808582152141,0.056861804222648756,2.254445940665128,0.024839137896576827,0.40695736062629584,0.08816901408450704,0.3428169014084507,0.5690140845070423,15.38112676056338,3.5732381942230376,1.9900861676846042,0.28251413260888075,0.04751127590833668,3550
1,2021,2.0,4.0,0.2,45,0.010356808582152141,0.056861804222648756,2.254445940665128,0.024839137896576827,0.40695736062629584,0.08816901408450704,0.3428169014084507,0.5690140845070423,15.38112676056338,3.5732381942230376,1.9900861676846042,0.28251413260888075,0.04751127590833668,3550
1,2021,2.0,4.0,0.2,60,0.010356808582152141,0.056861804222648756,2.254445940665128,0.024839137896576827,0.40695736062629584,0.08816901408450704,0.3428169014084507,0.5690140845070423,15.38112676056338,3.5732381942230376,1.9900861676846042,0.28251413260888075,0.04751127590833668,3550
3,2023,1.5,3.0,0.2,30,0.006459672561707656,0.06667794889152141,2.024681955288394,0.013971830087401426,0.2649952594682716,0.06317774634606317,0.4332861857614333,0.5035360678925035,13.286657237152287,3.8568269065083443,1.9869135858581581,0.23240810785197932,0.050439592663366416,2121
3,2023,1.5,3.0,0.2,45,0.006459672561707656,0.06667794889152141,2.024681955288394,0.013971830087401426,0.2649952594682716,0.06317774634606317,0.4332861857614333,0.5035360678925035,13.286657237152287,3.8568269065083443,1.9869135858581581,0.23240810785197932,0.050439592663366416,2121
3,2023,1.5,3.0,0.2,60,0.006459672561707656,0.06667794889152141,2.024681955288394,0.013971830087401426,0.2649952594682716,0.06317774634606317,0.4332861857614333,0.5035360678925035,13.286657237152287,3.8568269065083443,1.9869135858581581,0.23240810785197932,0.050439592663366416,2121
3,2023,2.0,3.0,0.2,30,0.007812766462130392,0.07006261634794382,2.0177427538019677,0.015376623723925759,0.26295576283629907,0.066006600660066,0.3521923620933522,0.5818010372465818,14.735973597359736,3.1768646159064087,1.9847396351137498,0.23745925444227126,0.04473670864437988,2121
3,2023,2.0,3.0,0.2,45,0.007812766462130392,0.07006261634794382,2.0177427538019677,0.015376623723925759,0.26295576283629907,0.066006600660066,0.3521923620933522,0.5818010372465818,14.735973597359736,3.1768646159064087,1.9847396351137498,0.23745925444227126,0.04473670864437988,2121
3,2023,2.0,3.0,0.2,60,0.007812766462130392,0.07006261634794382,2.0177427538019677,0.015376623723925759,0.26295576283629907,0.066006600660066,0.3521923620933522,0.5818010372465818,14.735973597359736,3.1768646159064087,1.9847396351137498,0.23745925444227126,0.04473670864437988,2121
5,2025,1.0,2.0,0.2,30,-0.0010187643852685307,0.051596638655462185,2.0836382961448474,0.00839220980978031,0.1927498572799212,0.06278713629402756,0.5482388973966309,0.3889739663093415,10.971924451250638,4.510683743313106,1.9792677032938923,0.25006979271007146,0.05934870855983156,1959
5,2025,1.0,2.0,0.2,45,-0.0010185123459012131,0.051596638655462185,2.0836282701772824,0.008393502852477867,0.19269886835218544,0.06278713629402756,0.5482388973966309,0.3889739663093415,10.976518631955079,4.510683743313106,1.9792333850104908,0.25006979271007146,0.05935203279952253,1959
5,2025,1.0,2.0,0.2,60,-0.0010185123459012131,0.051596638655462185,2.0836282701772824,0.008393502852477867,0.19269886835218544,0.06278713629402756,0.5482388973966309,0.3889739663093415,10.976518631955079,4.510683743313106,1.9792333850104908,0.25006979271007146,0.05935203279952253,1959
1,2021,1.5,4.0,0.2,30,0.009181136313272168,0.053742802303262956,2.2798181614893536,0.023215313621768346,0.41881946370158024,0.08591549295774648,0.4416901408450704,0.4723943661971831,13.968450704225353,4.463186391316083,1.9757726084378706,0.28385840879741714,0.05698405626626112,3550
1,2021,1.5,4.0,0.2,45,0.009181136313272168,0.053742802303262956,2.2798181614893536,0.023215313621768346,0.41881946370158024,0.08591549295774648,0.4416901408450704,0.4723943661971831,13.968450704225353,4.463186391316083,1.9757726084378706,0.28385840879741714,0.05698405626626112,3550
1,2021,1.5,4.0,0.2,60,0.009181136313272168,0.053742802303262956,2.2798181614893536,0.023215313621768346,0.41881946370158024,0.08591549295774648,0.4416901408450704,0.4723943661971831,13.968450704225353,4.463186391316083,1.9757726084378706,0.28385840879741714,0.05698405626626112,3550
5,2025,2.0,2.0,0.2,30,-0.00045816513865198916,0.05915966386554622,1.9908824432529217,0.012545869073792047,0.2204875077935483,0.07299642674834099,0.3333333333333333,0.5936702399183257,14.338948443083206,2.771144899676084,1.9541677737997243,0.25641734978063757,0.041558509884614084,1959
5,2025,2.0,2.0,0.2,45,-0.00045791309928466806,0.05915966386554622,1.9908772346196493,0.01254716211648961,0.22043960381946662,0.07299642674834099,0.3333333333333333,0.5936702399183257,14.343542623787647,2.771144899676084,1.95414896936089,0.25641734978063757,0.041560687933319615,1959
5,2025,2.0,2.0,0.2,60,-0.00045791309928466806,0.05915966386554622,1.9908772346196493,0.01254716211648961,0.22043960381946662,0.07299642674834099,0.3333333333333333,0.5936702399183257,14.343542623787647,2.771144899676084,1.95414896936089,0.25641734978063757,0.041560687933319615,1959
3,2023,1.0,2.0,0.2,30,0.004366649854544463,0.06177018107970892,2.0708767860850172,0.012602771837182803,0.28672714105476144,0.06412069778406412,0.553041018387553,0.38283828382838286,11.076379066478076,5.034894433915287,1.9455041283910732,0.22659901789484563,0.059981176007101,2121
3,2023,1.0,2.0,0.2,45,0.004366649854544463,0.06177018107970892,2.0708767860850172,0.012602771837182803,0.28672714105476144,0.06412069778406412,0.553041018387553,0.38283828382838286,11.076379066478076,5.034894433915287,1.9455041283910732,0.22659901789484563,0.059981176007101,2121
3,2023,1.0,2.0,0.2,60,0.004366649854544463,0.06177018107970892,2.0708767860850172,0.012602771837182803,0.28672714105476144,0.06412069778406412,0.553041018387553,0.38283828382838286,11.076379066478076,5.034894433915287,1.9455041283910732,0.22659901789484563,0.059981176007101,2121
2,2022,1.0,4.0,0.15,30,0.010387533433072964,0.08724506312722564,1.7187059996319083,-0.02006711259806665,-0.6026004477254536,0.04401735895846249,0.759454432734036,0.19652820830750156,8.39181649101054,3.74958726469752,1.9429457671332966,0.19361720866987095,0.054069955128927774,1613
2,2022,1.0,4.0,0.15,45,0.010387533433072964,0.08724506312722564,1.7187059996319083,-0.02006711259806665,-0.6026004477254536,0.04401735895846249,0.759454432734036,0.19652820830750156,8.39181649101054,3.74958726469752,1.9429457671332966,0.19361720866987095,0.054069955128927774,1613
2,2022,1.0,4.0,0.15,60,0.010387533433072964,0.08724506312722564,1.7187059996319083,-0.02006711259806665,-0.6026004477254536,0.04401735895846249,0.759454432734036,0.19652820830750156,8.39181649101054,3.74958726469752,1.9429457671332966,0.19361720866987095,0.054069955128927774,1613
5,2025,1.5,2.0,0.2,30,-0.0009185030490099257,0.05579831932773109,2.018817708760277,0.010215766107197762,0.1996673063032744,0.06789178152118427,0.4349157733537519,0.49719244512506383,12.893312914752425,3.4183988391403903,1.938847218088913,0.25587888942566345,0.05108410540437392,1959
5,2025,1.5,2.0,0.2,45,-0.000918251009642608,0.05579831932773109,2.018810883529132,0.010217059149895326,0.1996214491791873,0.06789178152118427,0.4349157733537519,0.49719244512506383,12.897907095456866,3.4183988391403903,1.9388231534167824,0.25587888942566345,0.05108670609292067,1959
5,2025,1.5,2.0,0.2,60,-0.000918251009642608,0.05579831932773109,2.018810883529132,0.010217059149895326,0.1996214491791873,0.06789178152118427,0.4349157733537519,0.49719244512506383,12.897907095456866,3.4183988391403903,1.9388231534167824,0.25587888942566345,0.05108670609292067,1959
3,2023,1.5,2.0,0.2,30,0.00637701638962546,0.06853951599255373,1.987028318517445,0.014440790047668866,0.27484552056969086,0.06789250353606789,0.4328147100424328,0.49929278642149927,13.24045261669024,3.771280071141749,1.9336061131596844,0.22644164797322663,0.05018077848841847,2121
3,2023,1.5,2.0,0.2,45,0.00637701638962546,0.06853951599255373,1.987028318517445,0.014440790047668866,0.27484552056969086,0.06789250353606789,0.4328147100424328,0.49929278642149927,13.24045261669024,3.771280071141749,1.9336061131596844,0.22644164797322663,0.05018077848841847,2121
3,2023,1.5,2.0,0.2,60,0.00637701638962546,0.06853951599255373,1.987028318517445,0.014440790047668866,0.27484552056969086,0.06789250353606789,0.4328147100424328,0.49929278642149927,13.24045261669024,3.771280071141749,1.9336061131596844,0.22644164797322663,0.05018077848841847,2121
3,2023,2.0,2.0,0.2,30,0.007795017217021884,0.07209341682179726,1.9816118852788382,0.01584558368419319,0.27182776629751865,0.07072135785007072,0.3517208863743517,0.5775577557755776,14.689768976897689,3.1059255908429155,1.9331706328811544,0.2313947098526492,0.04447106769136701,2121
3,2023,2.0,2.0,0.2,45,0.007795017217021884,0.07209341682179726,1.9816118852788382,0.01584558368419319,0.27182776629751865,0.07072135785007072,0.3517208863743517,0.5775577557755776,14.689768976897689,3.1059255908429155,1.9331706328811544,0.2313947098526492,0.04447106769136701,2121
3,2023,2.0,2.0,0.2,60,0.007795017217021884,0.07209341682179726,1.9816118852788382,0.01584558368419319,0.27182776629751865,0.07072135785007072,0.3517208863743517,0.5775577557755776,14.689768976897689,3.1059255908429155,1.9331706328811544,0.2313947098526492,0.04447106769136701,2121
1,2021,1.0,3.0,0.2,30,0.006575618908284118,0.052783109404990404,2.263405085593113,0.020019220555441034,0.42890110903576845,0.0867605633802817,0.5546478873239437,0.35859154929577464,11.76225352112676,5.5783722281033485,1.9035476367536868,0.26173830583103463,0.06507360274738673,3550
1,2021,1.0,3.0,0.2,45,0.006575618908284118,0.052783109404990404,2.263405085593113,0.020019220555441034,0.42890110903576845,0.0867605633802817,0.5546478873239437,0.35859154929577464,11.76225352112676,5.5783722281033485,1.9035476367536868,0.26173830583103463,0.06507360274738673,3550
1,2021,1.0,3.0,0.2,60,0.006575618908284118,0.052783109404990404,2.263405085593113,0.020019220555441034,0.42890110903576845,0.0867605633802817,0.5546478873239437,0.35859154929577464,11.76225352112676,5.5783722281033485,1.9035476367536868,0.26173830583103463,0.06507360274738673,3550
1,2021,2.0,3.0,0.2,30,0.010403528690726943,0.06309980806142035,2.151210450005432,0.02398842018420988,0.39621218722733526,0.09492957746478874,0.3419718309859155,0.5630985915492958,15.257183098591549,3.301301105268525,1.9018318085334207,0.2605857729157497,0.046607144898061746,3550
1,2021,2.0,3.0,0.2,45,0.010403528690726943,0.06309980806142035,2.151210450005432,0.02398842018420988,0.39621218722733526,0.09492957746478874,0.3419718309859155,0.5630985915492958,15.257183098591549,3.301301105268525,1.9018318085334207,0.2605857729157497,0.046607144898061746,3550
1,2021,2.0,3.0,0.2,60,0.010403528690726943,0.06309980806142035,2.151210450005432,0.02398842018420988,0.39621218722733526,0.09492957746478874,0.3419718309859155,0.5630985915492958,15.257183098591549,3.301301105268525,1.9018318085334207,0.2605857729157497,0.046607144898061746,3550
2,2022,1.5,4.0,0.15,30,0.014418535042161857,0.09841372612495954,1.6813667327673802,-0.024709655313857437,-0.6110904023701336,0.04773713577185369,0.6788592684438933,0.27340359578425294,10.189708617482951,2.9055849016741213,1.8964181914993792,0.196528395474035,0.04325264583573953,1613
2,2022,1.5,4.0,0.15,45,0.014418535042161857,0.09841372612495954,1.6813667327673802,-0.024709655313857437,-0.6110904023701336,0.04773713577185369,0.6788592684438933,0.27340359578425294,10.189708617482951,2.9055849016741213,1.8964181914993792,0.196528395474035,0.04325264583573953,1613
2,2022,1.5,4.0,0.15,60,0.014418535042161857,0.09841372612495954,1.6813667327673802,-0.024709655313857437,-0.6110904023701336,0.04773713577185369,0.6788592684438933,0.27340359578425294,10.189708617482951,2.9055849016741213,1.8964181914993792,0.196528395474035,0.04325264583573953,1613
1,2021,1.5,3.0,0.2,30,0.00929651057276825,0.05974088291746641,2.1750105653972787,0.022350230685118246,0.40674810039072323,0.0923943661971831,0.4405633802816901,0.46704225352112677,13.847042253521126,4.1176505437557465,1.8819810868566627,0.2614034856516417,0.05602617860561352,3550
1,2021,1.5,3.0,0.2,45,0.00929651057276825,0.05974088291746641,2.1750105653972787,0.022350230685118246,0.40674810039072323,0.0923943661971831,0.4405633802816901,0.46704225352112677,13.847042253521126,4.1176505437557465,1.8819810868566627,0.2614034856516417,0.05602617860561352,3550
1,2021,1.5,3.0,0.2,60,0.00929651057276825,0.05974088291746641,2.1750105653972787,0.022350230685118246,0.40674810039072323,0.0923943661971831,0.4405633802816901,0.46704225352112677,13.847042253521126,4.1176505437557465,1.8819810868566627,0.2614034856516417,0.05602617860561352,3550
2,2022,2.0,4.0,0.15,30,0.016353249043107792,0.10343153123988345,1.692869152040873,-0.028037665582547524,-0.5938842186207184,0.05083694978301302,0.5964042157470552,0.3527588344699318,11.89708617482951,2.3728457093335895,1.8720172462538964,0.19591562690634157,0.031877594307709096,1613
2,2022,2.0,4.0,0.15,45,0.016353249043107792,0.10343153123988345,1.692869152040873,-0.028037665582547524,-0.5938842186207184,0.05083694978301302,0.5964042157470552,0.3527588344699318,11.89708617482951,2.3728457093335895,1.8720172462538964,0.19591562690634157,0.031877594307709096,1613
2,2022,2.0,4.0,0.15,60,0.016353249043107792,0.10343153123988345,1.692869152040873,-0.028037665582547524,-0.5938842186207184,0.05083694978301302,0.5964042157470552,0.3527588344699318,11.89708617482951,2.3728457093335895,1.8720172462538964,0.19591562690634157,0.031877594307709096,1613
1,2021,1.0,2.0,0.2,30,0.006459174849548725,0.05422264875239923,2.22305371173497,0.019482835362591207,0.41884373910494543,0.08985915492957747,0.5538028169014084,0.3563380281690141,11.721971830985915,5.331040305849714,1.8704987128508057,0.24959048036787596,0.06449768153269168,3550
1,2021,1.0,2.0,0.2,45,0.006459174849548725,0.05422264875239923,2.22305371173497,0.019482835362591207,0.41884373910494543,0.08985915492957747,0.5538028169014084,0.3563380281690141,11.721971830985915,5.331040305849714,1.8704987128508057,0.24959048036787596,0.06449768153269168,3550
1,2021,1.0,2.0,0.2,60,0.006459174849548725,0.05422264875239923,2.22305371173497,0.019482835362591207,0.41884373910494543,0.08985915492957747,0.5538028169014084,0.3563380281690141,11.721971830985915,5.331040305849714,1.8704987128508057,0.24959048036787596,0.06449768153269168,3550
1,2021,2.0,2.0,0.2,30,0.010268986292788475,0.06453934740882918,2.1181547163801744,0.023637538523212032,0.3916097255984571,0.09887323943661971,0.3408450704225352,0.5602816901408451,15.210704225352112,3.161906279691256,1.8688831959591508,0.24829422228068634,0.046143467369808,3550
1,2021,2.0,2.0,0.2,45,0.010268986292788475,0.06453934740882918,2.1181547163801744,0.023637538523212032,0.3916097255984571,0.09887323943661971,0.3408450704225352,0.5602816901408451,15.210704225352112,3.161906279691256,1.8688831959591508,0.24829422228068634,0.046143467369808,3550
1,2021,2.0,2.0,0.2,60,0.010268986292788475,0.06453934740882918,2.1181547163801744,0.023637538523212032,0.3916097255984571,0.09887323943661971,0.3408450704225352,0.5602816901408451,15.210704225352112,3.161906279691256,1.8688831959591508,0.24829422228068634,0.046143467369808,3550
1,2021,1.5,2.0,0.2,30,0.009171688808568734,0.06118042226487524,2.140591980785329,0.021879898141610142,0.3995051919070198,0.09605633802816901,0.43971830985915494,0.46422535211267607,13.801408450704225,3.9363232457626087,1.8473589364705834,0.24889673871179904,0.055523712424411335,3550
1,2021,1.5,2.0,0.2,45,0.009171688808568734,0.06118042226487524,2.140591980785329,0.021879898141610142,0.3995051919070198,0.09605633802816901,0.43971830985915494,0.46422535211267607,13.801408450704225,3.9363232457626087,1.8473589364705834,0.24889673871179904,0.055523712424411335,3550
1,2021,1.5,2.0,0.2,60,0.009171688808568734,0.06118042226487524,2.140591980785329,0.021879898141610142,0.3995051919070198,0.09605633802816901,0.43971830985915494,0.46422535211267607,13.801408450704225,3.9363232457626087,1.8473589364705834,0.24889673871179904,0.055523712424411335,3550
4,2024,1.0,4.0,0.15,30,0.012214284370331074,0.10761485210824417,1.6417140263399737,0.004009921215771624,0.10415458990964559,0.08619000979431929,0.6278158667972575,0.2859941234084231,9.70192621612798,4.657779853622586,1.8390727937228681,0.20935819311928583,0.04959698095425637,3063
4,2024,1.0,4.0,0.15,45,0.012214284370331074,0.10761485210824417,1.6417140263399737,0.004009921215771624,0.10415458990964559,0.08619000979431929,0.6278158667972575,0.2859941234084231,9.70192621612798,4.657779853622586,1.8390727937228681,0.20935819311928583,0.04959698095425637,3063
4,2024,1.0,4.0,0.15,60,0.012214284370331074,0.10761485210824417,1.6417140263399737,0.004009921215771624,0.10415458990964559,0.08619000979431929,0.6278158667972575,0.2859941234084231,9.70192621612798,4.657779853622586,1.8390727937228681,0.20935819311928583,0.04959698095425637,3063
2,2022,1.0,3.0,0.15,30,0.010674358889253572,0.10359339592101004,1.6241812636590884,-0.019183268370098247,-0.5830806994693827,0.056416615003099815,0.7575945443273404,0.1859888406695598,8.290762554246745,3.5478770509600084,1.8166922795282123,0.18281747877259616,0.0512968810911745,1613
2,2022,1.0,3.0,0.15,45,0.010674358889253572,0.10359339592101004,1.6241812636590884,-0.019183268370098247,-0.5830806994693827,0.056416615003099815,0.7575945443273404,0.1859888406695598,8.290762554246745,3.5478770509600084,1.8166922795282123,0.18281747877259616,0.0512968810911745,1613
2,2022,1.0,3.0,0.15,60,0.010674358889253572,0.10359339592101004,1.6241812636590884,-0.019183268370098247,-0.5830806994693827,0.056416615003099815,0.7575945443273404,0.1859888406695598,8.290762554246745,3.5478770509600084,1.8166922795282123,0.18281747877259616,0.0512968810911745,1613
2,2022,1.5,3.0,0.15,30,0.014591525663219262,0.11654257041113629,1.586773169364676,-0.023773783049295994,-0.5943094857777146,0.06137631742095474,0.6769993800371977,0.2616243025418475,10.080595164290143,2.7399612214463507,1.7753155297023337,0.18511447454365146,0.04052878865519566,1613
2,2022,1.5,3.0,0.15,45,0.014591525663219262,0.11654257041113629,1.586773169364676,-0.023773783049295994,-0.5943094857777146,0.06137631742095474,0.6769993800371977,0.2616243025418475,10.080595164290143,2.7399612214463507,1.7753155297023337,0.18511447454365146,0.04052878865519566,1613
2,2022,1.5,3.0,0.15,60,0.014591525663219262,0.11654257041113629,1.586773169364676,-0.023773783049295994,-0.5943094857777146,0.06137631742095474,0.6769993800371977,0.2616243025418475,10.080595164290143,2.7399612214463507,1.7753155297023337,0.18511447454365146,0.04052878865519566,1613
4,2024,1.0,3.0,0.15,30,0.011579393817438978,0.12208936438011328,1.5436843049695053,0.003039011001854667,0.07979791999141289,0.0930460333006856,0.6274893894874306,0.2794645772118838,9.597126999673522,4.2918590235596925,1.7678497231919665,0.19282014781618734,0.04755181293316535,3063
4,2024,1.0,3.0,0.15,45,0.011579393817438978,0.12208936438011328,1.5436843049695053,0.003039011001854667,0.07979791999141289,0.0930460333006856,0.6274893894874306,0.2794645772118838,9.597126999673522,4.2918590235596925,1.7678497231919665,0.19282014781618734,0.04755181293316535,3063
4,2024,1.0,3.0,0.15,60,0.011579393817438978,0.12208936438011328,1.5436843049695053,0.003039011001854667,0.07979791999141289,0.0930460333006856,0.6274893894874306,0.2794645772118838,9.597126999673522,4.2918590235596925,1.7678497231919665,0.19282014781618734,0.04755181293316535,3063
2,2022,2.0,3.0,0.15,30,0.016444511899799678,0.12253156361281968,1.5999180432845992,-0.027124034387000968,-0.5802162404741925,0.06447613143211407,0.5951642901425914,0.34035957842529446,11.780533168009919,2.235611397679782,1.757537020319823,0.18448255738667257,0.029657387444427627,1613
2,2022,2.0,3.0,0.15,45,0.016444511899799678,0.12253156361281968,1.5999180432845992,-0.027124034387000968,-0.5802162404741925,0.06447613143211407,0.5951642901425914,0.34035957842529446,11.780533168009919,2.235611397679782,1.757537020319823,0.18448255738667257,0.029657387444427627,1613
2,2022,2.0,3.0,0.15,60,0.016444511899799678,0.12253156361281968,1.5999180432845992,-0.027124034387000968,-0.5802162404741925,0.06447613143211407,0.5951642901425914,0.34035957842529446,11.780533168009919,2.235611397679782,1.757537020319823,0.18448255738667257,0.029657387444427627,1613
2,2022,1.0,2.0,0.15,30,0.009972281258026187,0.10893493039818712,1.562960798235106,-0.019048536363027186,-0.5816385867411237,0.059516429014259145,0.7563546187228767,0.18412895226286422,8.252944823310601,3.4357458704586628,1.7562238637793393,0.1766016278865329,0.05060766989276185,1613
2,2022,1.0,2.0,0.15,45,0.009972281258026187,0.10893493039818712,1.562960798235106,-0.019048536363027186,-0.5816385867411237,0.059516429014259145,0.7563546187228767,0.18412895226286422,8.252944823310601,3.4357458704586628,1.7562238637793393,0.1766016278865329,0.05060766989276185,1613
2,2022,1.0,2.0,0.15,60,0.009972281258026187,0.10893493039818712,1.562960798235106,-0.019048536363027186,-0.5816385867411237,0.059516429014259145,0.7563546187228767,0.18412895226286422,8.252944823310601,3.4357458704586628,1.7562238637793393,0.1766016278865329,0.05060766989276185,1613
4,2024,1.5,4.0,0.15,30,0.01367928494464224,0.11422278162366269,1.63348024720755,0.007520072134111513,0.1557101560864171,0.0979431929480901,0.5011426705843944,0.4009141364675155,12.170421155729677,3.5070289713061764,1.7343205711132779,0.20993431575770985,0.042296697945022194,3063
4,2024,1.5,4.0,0.15,45,0.01367928494464224,0.11422278162366269,1.63348024720755,0.007520072134111513,0.1557101560864171,0.0979431929480901,0.5011426705843944,0.4009141364675155,12.170421155729677,3.5070289713061764,1.7343205711132779,0.20993431575770985,0.042296697945022194,3063
4,2024,1.5,4.0,0.15,60,0.01367928494464224,0.11422278162366269,1.63348024720755,0.007520072134111513,0.1557101560864171,0.0979431929480901,0.5011426705843944,0.4009141364675155,12.170421155729677,3.5070289713061764,1.7343205711132779,0.20993431575770985,0.042296697945022194,3063
4,2024,1.0,2.0,0.15,30,0.011000275477933943,0.12791063561988672,1.504859135806081,0.003028735616117278,0.08007289808282436,0.09859614756774404,0.6261834802481228,0.2752203721841332,9.531831537708129,4.141611922693575,1.7302391671663104,0.1851542926011508,0.04638937879703014,3063
4,2024,1.0,2.0,0.15,45,0.011000275477933943,0.12791063561988672,1.504859135806081,0.003028735616117278,0.08007289808282436,0.09859614756774404,0.6261834802481228,0.2752203721841332,9.531831537708129,4.141611922693575,1.7302391671663104,0.1851542926011508,0.04638937879703014,3063
4,2024,1.0,2.0,0.15,60,0.011000275477933943,0.12791063561988672,1.504859135806081,0.003028735616117278,0.08007289808282436,0.09859614756774404,0.6261834802481228,0.2752203721841332,9.531831537708129,4.141611922693575,1.7302391671663104,0.1851542926011508,0.04638937879703014,3063
2,2022,1.5,2.0,0.15,30,0.01390057485310028,0.12285529297507283,1.5297501883183156,-0.023595242359988347,-0.5922867741319473,0.06447613143211407,0.675759454432734,0.2597644141351519,10.039057656540608,2.6586169686449233,1.722511894460884,0.1791042765003667,0.03996315618923744,1613
2,2022,1.5,2.0,0.15,45,0.01390057485310028,0.12285529297507283,1.5297501883183156,-0.023595242359988347,-0.5922867741319473,0.06447613143211407,0.675759454432734,0.2597644141351519,10.039057656540608,2.6586169686449233,1.722511894460884,0.1791042765003667,0.03996315618923744,1613
2,2022,1.5,2.0,0.15,60,0.01390057485310028,0.12285529297507283,1.5297501883183156,-0.023595242359988347,-0.5922867741319473,0.06447613143211407,0.675759454432734,0.2597644141351519,10.039057656540608,2.6586169686449233,1.722511894460884,0.1791042765003667,0.03996315618923744,1613
4,2024,2.0,4.0,0.15,30,0.014885321427758318,0.11894273127753303,1.642814228206526,0.010367546380527812,0.18438848456258722,0.10447273914462944,0.3852432255958211,0.5102840352595495,14.16911524649037,2.776416533703815,1.720862969192381,0.2086029405343824,0.03433194458314506,3063
4,2024,2.0,4.0,0.15,45,0.014885321427758318,0.11894273127753303,1.642814228206526,0.010367546380527812,0.18438848456258722,0.10447273914462944,0.3852432255958211,0.5102840352595495,14.16911524649037,2.776416533703815,1.720862969192381,0.2086029405343824,0.03433194458314506,3063
4,2024,2.0,4.0,0.15,60,0.014885321427758318,0.11894273127753303,1.642814228206526,0.010367546380527812,0.18438848456258722,0.10447273914462944,0.3852432255958211,0.5102840352595495,14.16911524649037,2.776416533703815,1.720862969192381,0.2086029405343824,0.03433194458314506,3063
3,2023,1.0,4.0,0.15,30,0.003811046315236837,0.08630902013877137,1.7823774533381458,0.012298902531958863,0.2855135950361256,0.09665252239509665,0.5525695426685525,0.3507779349363508,10.855256954266855,4.40696060040017,1.717732704486502,0.19919725490520584,0.051378542981638575,2121
3,2023,1.0,4.0,0.15,45,0.003811046315236837,0.08630902013877137,1.7823774533381458,0.012298902531958863,0.2855135950361256,0.09665252239509665,0.5525695426685525,0.3507779349363508,10.855256954266855,4.40696060040017,1.717732704486502,0.19919725490520584,0.051378542981638575,2121
3,2023,1.0,4.0,0.15,60,0.003811046315236837,0.08630902013877137,1.7823774533381458,0.012298902531958863,0.2855135950361256,0.09665252239509665,0.5525695426685525,0.3507779349363508,10.855256954266855,4.40696060040017,1.717732704486502,0.19919725490520584,0.051378542981638575,2121
3,2023,1.5,4.0,0.15,30,0.005939236218338331,0.0966322558808597,1.7199905983219148,0.01412822996177331,0.2733745751268197,0.09995285242809995,0.4328147100424328,0.46723243752946725,13.023573785950024,3.324610865840358,1.711076773601917,0.2002723255894669,0.04319671660035049,2121
3,2023,1.5,4.0,0.15,45,0.005939236218338331,0.0966322558808597,1.7199905983219148,0.01412822996177331,0.2733745751268197,0.09995285242809995,0.4328147100424328,0.46723243752946725,13.023573785950024,3.324610865840358,1.711076773601917,0.2002723255894669,0.04319671660035049,2121
3,2023,1.5,4.0,0.15,60,0.005939236218338331,0.0966322558808597,1.7199905983219148,0.01412822996177331,0.2733745751268197,0.09995285242809995,0.4328147100424328,0.46723243752946725,13.023573785950024,3.324610865840358,1.711076773601917,0.2002723255894669,0.04319671660035049,2121
2,2022,2.0,2.0,0.15,30,0.015759421508142715,0.1290061508578828,1.545530504218798,-0.0269454936976933,-0.5784365722874879,0.0675759454432734,0.5939243645381277,0.33849969001859886,11.738995660260384,2.1714426228590265,1.7101561979125806,0.17877704352688614,0.029163588530748512,1613
2,2022,2.0,2.0,0.15,45,0.015759421508142715,0.1290061508578828,1.545530504218798,-0.0269454936976933,-0.5784365722874879,0.0675759454432734,0.5939243645381277,0.33849969001859886,11.738995660260384,2.1714426228590265,1.7101561979125806,0.17877704352688614,0.029163588530748512,1613
2,2022,2.0,2.0,0.15,60,0.015759421508142715,0.1290061508578828,1.545530504218798,-0.0269454936976933,-0.5784365722874879,0.0675759454432734,0.5939243645381277,0.33849969001859886,11.738995660260384,2.1714426228590265,1.7101561979125806,0.17877704352688614,0.029163588530748512,1613
3,2023,2.0,4.0,0.15,30,0.007485959700490298,0.10255542392959892,1.7229793146311896,0.015584265027712724,0.27152801718526026,0.10466760961810467,0.3517208863743517,0.5436115040075437,14.463460631777464,2.7187508109213803,1.6985595379054101,0.20320424187997013,0.03790133844127713,2121
3,2023,2.0,4.0,0.15,45,0.007485959700490298,0.10255542392959892,1.7229793146311896,0.015584265027712724,0.27152801718526026,0.10466760961810467,0.3517208863743517,0.5436115040075437,14.463460631777464,2.7187508109213803,1.6985595379054101,0.20320424187997013,0.03790133844127713,2121
3,2023,2.0,4.0,0.15,60,0.007485959700490298,0.10255542392959892,1.7229793146311896,0.015584265027712724,0.27152801718526026,0.10466760961810467,0.3517208863743517,0.5436115040075437,14.463460631777464,2.7187508109213803,1.6985595379054101,0.20320424187997013,0.03790133844127713,2121
5,2025,2.0,4.0,0.15,30,-7.798371424193665e-05,0.0907563025210084,1.722178436310074,0.012120701352252055,0.21488965326498716,0.09851965288412455,0.333843797856049,0.5676365492598264,14.213884635017866,2.422832877674589,1.6859781140712136,0.22473392535177253,0.03690078485718328,1959
5,2025,2.0,4.0,0.15,45,-7.798371424193665e-05,0.0907563025210084,1.722178436310074,0.012120701352252055,0.21488965326498716,0.09851965288412455,0.333843797856049,0.5676365492598264,14.213884635017866,2.422832877674589,1.6859781140712136,0.22473392535177253,0.03690078485718328,1959
5,2025,2.0,4.0,0.15,60,-7.798371424193665e-05,0.0907563025210084,1.722178436310074,0.012120701352252055,0.21488965326498716,0.09851965288412455,0.333843797856049,0.5676365492598264,14.213884635017866,2.422832877674589,1.6859781140712136,0.22473392535177253,0.03690078485718328,1959
4,2024,1.5,3.0,0.15,30,0.013014665212541871,0.12964128382630585,1.534956502488509,0.006871168505146144,0.14373533323608187,0.10708455762324519,0.5001632386549135,0.39275220372184133,12.046686255305257,3.2680776813689456,1.6696306011798387,0.19531770684183747,0.04035133066595445,3063
4,2024,1.5,3.0,0.15,45,0.013014665212541871,0.12964128382630585,1.534956502488509,0.006871168505146144,0.14373533323608187,0.10708455762324519,0.5001632386549135,0.39275220372184133,12.046686255305257,3.2680776813689456,1.6696306011798387,0.19531770684183747,0.04035133066595445,3063
4,2024,1.5,3.0,0.15,60,0.013014665212541871,0.12964128382630585,1.534956502488509,0.006871168505146144,0.14373533323608187,0.10708455762324519,0.5001632386549135,0.39275220372184133,12.046686255305257,3.2680776813689456,1.6696306011798387,0.19531770684183747,0.04035133066595445,3063
4,2024,2.0,3.0,0.15,30,0.01423799890542041,0.13514789175582126,1.5474389470653664,0.009739825926226985,0.17477073360220335,0.11394058112961149,0.38459027097616716,0.5014691478942214,14.043747959516814,2.603447363324368,1.6680365594306825,0.19538266189990355,0.032585087609910385,3063
4,2024,2.0,3.0,0.15,45,0.01423799890542041,0.13514789175582126,1.5474389470653664,0.009739825926226985,0.17477073360220335,0.11394058112961149,0.38459027097616716,0.5014691478942214,14.043747959516814,2.603447363324368,1.6680365594306825,0.19538266189990355,0.032585087609910385,3063
4,2024,2.0,3.0,0.15,60,0.01423799890542041,0.13514789175582126,1.5474389470653664,0.009739825926226985,0.17477073360220335,0.11394058112961149,0.38459027097616716,0.5014691478942214,14.043747959516814,2.603447363324368,1.6680365594306825,0.19538266189990355,0.032585087609910385,3063
5,2025,1.0,4.0,0.15,30,-0.0006849837949585609,0.0784873949579832,1.8128563012734362,0.007743586127249659,0.1799030860872081,0.08677896886166411,0.5507912200102093,0.3624298111281266,10.846860643185298,3.8908382943201443,1.6674504863783262,0.2175959111209251,0.05425587535954559,1959
5,2025,1.0,4.0,0.15,45,-0.0006849837949585609,0.0784873949579832,1.8128563012734362,0.007743586127249659,0.1799030860872081,0.08677896886166411,0.5507912200102093,0.3624298111281266,10.846860643185298,3.8908382943201443,1.6674504863783262,0.2175959111209251,0.05425587535954559,1959
5,2025,1.0,4.0,0.15,60,-0.0006849837949585609,0.0784873949579832,1.8128563012734362,0.007743586127249659,0.1799030860872081,0.08677896886166411,0.5507912200102093,0.3624298111281266,10.846860643185298,3.8908382943201443,1.6674504863783262,0.2175959111209251,0.05425587535954559,1959
4,2024,1.5,2.0,0.15,30,0.012484858096844093,0.13656387665198239,1.4947436401047618,0.006612797010145843,0.1391526759085993,0.11296114920013059,0.49918380672543256,0.3878550440744368,11.975514201762978,3.127228897810926,1.6512553020507021,0.1859901265884483,0.03942660138534261,3063
4,2024,1.5,2.0,0.15,45,0.012484858096844093,0.13656387665198239,1.4947436401047618,0.006612797010145843,0.1391526759085993,0.11296114920013059,0.49918380672543256,0.3878550440744368,11.975514201762978,3.127228897810926,1.6512553020507021,0.1859901265884483,0.03942660138534261,3063
4,2024,1.5,2.0,0.15,60,0.012484858096844093,0.13656387665198239,1.4947436401047618,0.006612797010145843,0.1391526759085993,0.11296114920013059,0.49918380672543256,0.3878550440744368,11.975514201762978,3.127228897810926,1.6512553020507021,0.1859901265884483,0.03942660138534261,3063
4,2024,2.0,2.0,0.15,30,0.013715229383611891,0.14238514789175583,1.5096036906629666,0.009393147514051878,0.16944017598869612,0.12014365001632386,0.38393731635651324,0.4959190336271629,13.969964087495919,2.486894148964644,1.6482036761534042,0.18589720023043385,0.031776117138211366,3063
4,2024,2.0,2.0,0.15,45,0.013715229383611891,0.14238514789175583,1.5096036906629666,0.009393147514051878,0.16944017598869612,0.12014365001632386,0.38393731635651324,0.4959190336271629,13.969964087495919,2.486894148964644,1.6482036761534042,0.18589720023043385,0.031776117138211366,3063
4,2024,2.0,2.0,0.15,60,0.013715229383611891,0.14238514789175583,1.5096036906629666,0.009393147514051878,0.16944017598869612,0.12014365001632386,0.38393731635651324,0.4959190336271629,13.969964087495919,2.486894148964644,1.6482036761534042,0.18589720023043385,0.031776117138211366,3063
5,2025,1.5,4.0,0.15,30,-0.0005779788116748105,0.08487394957983194,1.7511408337710253,0.009688374982679004,0.19130597579893519,0.09341500765696784,0.43644716692189894,0.47013782542113325,12.762123532414497,2.9597117185958535,1.64571417922673,0.22252902991580842,0.046189778393513604,1959
5,2025,1.5,4.0,0.15,45,-0.0005779788116748105,0.08487394957983194,1.7511408337710253,0.009688374982679004,0.19130597579893519,0.09341500765696784,0.43644716692189894,0.47013782542113325,12.762123532414497,2.9597117185958535,1.64571417922673,0.22252902991580842,0.046189778393513604,1959
5,2025,1.5,4.0,0.15,60,-0.0005779788116748105,0.08487394957983194,1.7511408337710253,0.009688374982679004,0.19130597579893519,0.09341500765696784,0.43644716692189894,0.47013782542113325,12.762123532414497,2.9597117185958535,1.64571417922673,0.22252902991580842,0.046189778393513604,1959
3,2023,1.0,3.0,0.15,30,0.0045332305704865305,0.10187849043831444,1.6779268287931475,0.011490551450068592,0.27038865130096246,0.10561056105610561,0.5516265912305516,0.34276284771334276,10.70909948137671,4.059445699852336,1.613183164945729,0.18333802101432622,0.04971777215645571,2121
3,2023,1.0,3.0,0.15,45,0.0045332305704865305,0.10187849043831444,1.6779268287931475,0.011490551450068592,0.27038865130096246,0.10561056105610561,0.5516265912305516,0.34276284771334276,10.70909948137671,4.059445699852336,1.613183164945729,0.18333802101432622,0.04971777215645571,2121
3,2023,1.0,3.0,0.15,60,0.0045332305704865305,0.10187849043831444,1.6779268287931475,0.011490551450068592,0.27038865130096246,0.10561056105610561,0.5516265912305516,0.34276284771334276,10.70909948137671,4.059445699852336,1.613183164945729,0.18333802101432622,0.04971777215645571,2121
3,2023,1.5,3.0,0.15,30,0.006561826498671066,0.1140632932814351,1.615376482386204,0.013220136835199129,0.25897223299685734,0.11032531824611033,0.4328147100424328,0.45685997171145687,12.864214992927865,3.050350973541076,1.608123969008181,0.183751093883509,0.0416324640719395,2121
3,2023,1.5,3.0,0.15,45,0.006561826498671066,0.1140632932814351,1.615376482386204,0.013220136835199129,0.25897223299685734,0.11032531824611033,0.4328147100424328,0.45685997171145687,12.864214992927865,3.050350973541076,1.608123969008181,0.183751093883509,0.0416324640719395,2121
3,2023,1.5,3.0,0.15,60,0.006561826498671066,0.1140632932814351,1.615376482386204,0.013220136835199129,0.25897223299685734,0.11032531824611033,0.4328147100424328,0.45685997171145687,12.864214992927865,3.050350973541076,1.608123969008181,0.183751093883509,0.0416324640719395,2121
5,2025,1.0,3.0,0.15,30,-0.0012293462364214008,0.08722689075630252,1.70596955872513,0.008734431599769325,0.20519222323188935,0.1031138335885656,0.5456865747830526,0.3511995916283818,10.726901480347117,3.69363146864088,1.6020281015948454,0.2041857302567621,0.05081405512688488,1959
5,2025,1.0,3.0,0.15,45,-0.0012293462364214008,0.08722689075630252,1.70596955872513,0.008734431599769325,0.20519222323188935,0.1031138335885656,0.5456865747830526,0.3511995916283818,10.726901480347117,3.69363146864088,1.6020281015948454,0.2041857302567621,0.05081405512688488,1959
5,2025,1.0,3.0,0.15,60,-0.0012293462364214008,0.08722689075630252,1.70596955872513,0.008734431599769325,0.20519222323188935,0.1031138335885656,0.5456865747830526,0.3511995916283818,10.726901480347117,3.69363146864088,1.6020281015948454,0.2041857302567621,0.05081405512688488,1959
5,2025,2.0,3.0,0.15,30,-0.00047330976051304825,0.10168067226890756,1.6331934201110538,0.012978494021991444,0.23258674944089996,0.11638591117917305,0.3302705461970393,0.5533435426237876,14.061766207248596,2.2692915805367724,1.601428859060898,0.20908697385003686,0.03447051356684639,1959
5,2025,2.0,3.0,0.15,45,-0.00047330976051304825,0.10168067226890756,1.6331934201110538,0.012978494021991444,0.23258674944089996,0.11638591117917305,0.3302705461970393,0.5533435426237876,14.061766207248596,2.2692915805367724,1.601428859060898,0.20908697385003686,0.03447051356684639,1959
5,2025,2.0,3.0,0.15,60,-0.00047330976051304825,0.10168067226890756,1.6331934201110538,0.012978494021991444,0.23258674944089996,0.11638591117917305,0.3302705461970393,0.5533435426237876,14.061766207248596,2.2692915805367724,1.601428859060898,0.20908697385003686,0.03447051356684639,1959
3,2023,2.0,3.0,0.15,30,0.008034083141622638,0.12100186156710104,1.6220783312050793,0.014677090596120681,0.2586307367434305,0.11551155115511551,0.3517208863743517,0.5327675624705328,14.300801508722301,2.499203216753704,1.5983318664602404,0.186794866570471,0.036391792602631666,2121
3,2023,2.0,3.0,0.15,45,0.008034083141622638,0.12100186156710104,1.6220783312050793,0.014677090596120681,0.2586307367434305,0.11551155115511551,0.3517208863743517,0.5327675624705328,14.300801508722301,2.499203216753704,1.5983318664602404,0.186794866570471,0.036391792602631666,2121
3,2023,2.0,3.0,0.15,60,0.008034083141622638,0.12100186156710104,1.6220783312050793,0.014677090596120681,0.2586307367434305,0.11551155115511551,0.3517208863743517,0.5327675624705328,14.300801508722301,2.499203216753704,1.5983318664602404,0.186794866570471,0.036391792602631666,2121
1,2021,2.0,4.0,0.15,30,0.010035118658213483,0.08589251439539347,1.8585663795153653,0.02564588276450916,0.4353143351762654,0.14309859154929577,0.3425352112676056,0.5143661971830986,14.846197183098592,2.844852823568195,1.575744541834271,0.22492308689166762,0.03993580082510786,3550
1,2021,2.0,4.0,0.15,45,0.010035118658213483,0.08589251439539347,1.8585663795153653,0.02564588276450916,0.4353143351762654,0.14309859154929577,0.3425352112676056,0.5143661971830986,14.846197183098592,2.844852823568195,1.575744541834271,0.22492308689166762,0.03993580082510786,3550
1,2021,2.0,4.0,0.15,60,0.010035118658213483,0.08589251439539347,1.8585663795153653,0.02564588276450916,0.4353143351762654,0.14309859154929577,0.3425352112676056,0.5143661971830986,14.846197183098592,2.844852823568195,1.575744541834271,0.22492308689166762,0.03993580082510786,3550
3,2023,1.0,2.0,0.15,30,0.003932418583838445,0.1066170248773058,1.6213764239778323,0.011792493258166729,0.2797227757752652,0.11173974540311174,0.5497406883545497,0.33851956624233853,10.623762376237623,3.9588457772357484,1.5756476803365924,0.1771068721812426,0.04902630661453969,2121
3,2023,1.0,2.0,0.15,45,0.003932418583838445,0.1066170248773058,1.6213764239778323,0.011792493258166729,0.2797227757752652,0.11173974540311174,0.5497406883545497,0.33851956624233853,10.623762376237623,3.9588457772357484,1.5756476803365924,0.1771068721812426,0.04902630661453969,2121
3,2023,1.0,2.0,0.15,60,0.003932418583838445,0.1066170248773058,1.6213764239778323,0.011792493258166729,0.2797227757752652,0.11173974540311174,0.5497406883545497,0.33851956624233853,10.623762376237623,3.9588457772357484,1.5756476803365924,0.1771068721812426,0.04902630661453969,2121
3,2023,1.5,2.0,0.15,30,0.006016414919189923,0.1198172279573532,1.562576208922977,0.01360839089734528,0.2685363681423567,0.11786892975011787,0.4314002828854314,0.4507307873644507,12.77039132484677,2.9667002177358786,1.5683624689513078,0.17747880811554012,0.04103799829948699,2121
3,2023,1.5,2.0,0.15,45,0.006016414919189923,0.1198172279573532,1.562576208922977,0.01360839089734528,0.2685363681423567,0.11786892975011787,0.4314002828854314,0.4507307873644507,12.77039132484677,2.9667002177358786,1.5683624689513078,0.17747880811554012,0.04103799829948699,2121
3,2023,1.5,2.0,0.15,60,0.006016414919189923,0.1198172279573532,1.562576208922977,0.01360839089734528,0.2685363681423567,0.11786892975011787,0.4314002828854314,0.4507307873644507,12.77039132484677,2.9667002177358786,1.5683624689513078,0.17747880811554012,0.04103799829948699,2121
5,2025,1.5,3.0,0.15,30,-0.0009785078447918927,0.09546218487394958,1.6513762505397547,0.010746398398954117,0.21442759002525688,0.11128126595201633,0.43134252169474224,0.45737621235324144,12.629402756508423,2.7832154136246476,1.5644788029186154,0.20727447735490612,0.043299181284046084,1959
5,2025,1.5,3.0,0.15,45,-0.0009785078447918927,0.09546218487394958,1.6513762505397547,0.010746398398954117,0.21442759002525688,0.11128126595201633,0.43134252169474224,0.45737621235324144,12.629402756508423,2.7832154136246476,1.5644788029186154,0.20727447735490612,0.043299181284046084,1959
5,2025,1.5,3.0,0.15,60,-0.0009785078447918927,0.09546218487394958,1.6513762505397547,0.010746398398954117,0.21442759002525688,0.11128126595201633,0.43134252169474224,0.45737621235324144,12.629402756508423,2.7832154136246476,1.5644788029186154,0.20727447735490612,0.043299181284046084,1959
3,2023,2.0,2.0,0.15,30,0.007494798768988394,0.12692502961584023,1.572117552582967,0.015075585567785623,0.2674426592750132,0.123998114097124,0.3507779349363508,0.5252239509665252,14.205091937765205,2.4277985941078484,1.5597039139138755,0.18050826380842852,0.0357437023218529,2121
3,2023,2.0,2.0,0.15,45,0.007494798768988394,0.12692502961584023,1.572117552582967,0.015075585567785623,0.2674426592750132,0.123998114097124,0.3507779349363508,0.5252239509665252,14.205091937765205,2.4277985941078484,1.5597039139138755,0.18050826380842852,0.0357437023218529,2121
3,2023,2.0,2.0,0.15,60,0.007494798768988394,0.12692502961584023,1.572117552582967,0.015075585567785623,0.2674426592750132,0.123998114097124,0.3507779349363508,0.5252239509665252,14.205091937765205,2.4277985941078484,1.5597039139138755,0.18050826380842852,0.0357437023218529,2121
1,2021,1.5,4.0,0.15,30,0.008814632378209744,0.08181381957773512,1.8645958713715323,0.0240658947886355,0.4510370074772866,0.13887323943661972,0.4405633802816901,0.42056338028169016,13.445915492957747,3.553087926166085,1.5487487309609134,0.22602080074208025,0.04922680478901854,3550
1,2021,1.5,4.0,0.15,45,0.008814632378209744,0.08181381957773512,1.8645958713715323,0.0240658947886355,0.4510370074772866,0.13887323943661972,0.4405633802816901,0.42056338028169016,13.445915492957747,3.553087926166085,1.5487487309609134,0.22602080074208025,0.04922680478901854,3550
1,2021,1.5,4.0,0.15,60,0.008814632378209744,0.08181381957773512,1.8645958713715323,0.0240658947886355,0.4510370074772866,0.13887323943661972,0.4405633802816901,0.42056338028169016,13.445915492957747,3.553087926166085,1.5487487309609134,0.22602080074208025,0.04922680478901854,3550
1,2021,1.0,4.0,0.15,30,0.006147399060255805,0.07173704414587333,1.936403877353058,0.021713342517145046,0.4810132039679557,0.1304225352112676,0.5538028169014084,0.31577464788732396,11.375492957746479,4.7998811319782915,1.5459676187876683,0.2256178408730583,0.058013292981690015,3550
1,2021,1.0,4.0,0.15,45,0.006147399060255805,0.07173704414587333,1.936403877353058,0.021713342517145046,0.4810132039679557,0.1304225352112676,0.5538028169014084,0.31577464788732396,11.375492957746479,4.7998811319782915,1.5459676187876683,0.2256178408730583,0.058013292981690015,3550
1,2021,1.0,4.0,0.15,60,0.006147399060255805,0.07173704414587333,1.936403877353058,0.021713342517145046,0.4810132039679557,0.1304225352112676,0.5538028169014084,0.31577464788732396,11.375492957746479,4.7998811319782915,1.5459676187876683,0.2256178408730583,0.058013292981690015,3550
5,2025,2.0,2.0,0.15,30,-0.000514293687567188,0.10756302521008404,1.5978564670380733,0.012621698834435875,0.22892676979198653,0.1276161306789178,0.32976008167432364,0.5426237876467586,13.89382337927514,2.1177490004057162,1.5219664166562226,0.19496224427148515,0.033355409018184554,1959
5,2025,2.0,2.0,0.15,45,-0.000514293687567188,0.10756302521008404,1.5978564670380733,0.012621698834435875,0.22892676979198653,0.1276161306789178,0.32976008167432364,0.5426237876467586,13.89382337927514,2.1177490004057162,1.5219664166562226,0.19496224427148515,0.033355409018184554,1959
5,2025,2.0,2.0,0.15,60,-0.000514293687567188,0.10756302521008404,1.5978564670380733,0.012621698834435875,0.22892676979198653,0.1276161306789178,0.32976008167432364,0.5426237876467586,13.89382337927514,2.1177490004057162,1.5219664166562226,0.19496224427148515,0.033355409018184554,1959
5,2025,1.0,2.0,0.15,30,-0.0011420765051551474,0.09210084033613446,1.6584810476913878,0.008441098819161923,0.20132864875147496,0.11230219499744767,0.5441551812149056,0.3435426237876468,10.565594691168963,3.453828101661741,1.5180975175968863,0.1902393652378244,0.049627797886038584,1959
5,2025,1.0,2.0,0.15,45,-0.0011420765051551474,0.09210084033613446,1.6584810476913878,0.008441098819161923,0.20132864875147496,0.11230219499744767,0.5441551812149056,0.3435426237876468,10.565594691168963,3.453828101661741,1.5180975175968863,0.1902393652378244,0.049627797886038584,1959
5,2025,1.0,2.0,0.15,60,-0.0011420765051551474,0.09210084033613446,1.6584810476913878,0.008441098819161923,0.20132864875147496,0.11230219499744767,0.5441551812149056,0.3435426237876468,10.565594691168963,3.453828101661741,1.5180975175968863,0.1902393652378244,0.049627797886038584,1959
1,2021,2.0,3.0,0.15,30,0.010034375341191882,0.10244721689059501,1.7382470186997816,0.024619198031826828,0.4256156793489918,0.1619718309859155,0.3414084507042254,0.4966197183098592,14.576619718309859,2.573881107855084,1.4969583935839779,0.2030960741758768,0.037579493480013326,3550
1,2021,2.0,3.0,0.15,45,0.010034375341191882,0.10244721689059501,1.7382470186997816,0.024619198031826828,0.4256156793489918,0.1619718309859155,0.3414084507042254,0.4966197183098592,14.576619718309859,2.573881107855084,1.4969583935839779,0.2030960741758768,0.037579493480013326,3550
1,2021,2.0,3.0,0.15,60,0.010034375341191882,0.10244721689059501,1.7382470186997816,0.024619198031826828,0.4256156793489918,0.1619718309859155,0.3414084507042254,0.4966197183098592,14.576619718309859,2.573881107855084,1.4969583935839779,0.2030960741758768,0.037579493480013326,3550
5,2025,1.5,2.0,0.15,30,-0.0009812065301899268,0.10084033613445378,1.6148186549585446,0.010360212829787645,0.20949926462358606,0.12149055640632976,0.43083205717202655,0.4476773864216437,12.461970393057683,2.5916193695733942,1.4775238053604287,0.19279978883417298,0.04241444823682723,1959
5,2025,1.5,2.0,0.15,45,-0.0009812065301899268,0.10084033613445378,1.6148186549585446,0.010360212829787645,0.20949926462358606,0.12149055640632976,0.43083205717202655,0.4476773864216437,12.461970393057683,2.5916193695733942,1.4775238053604287,0.19279978883417298,0.04241444823682723,1959
5,2025,1.5,2.0,0.15,60,-0.0009812065301899268,0.10084033613445378,1.6148186549585446,0.010360212829787645,0.20949926462358606,0.12149055640632976,0.43083205717202655,0.4476773864216437,12.461970393057683,2.5916193695733942,1.4775238053604287,0.19279978883417298,0.04241444823682723,1959
1,2021,2.0,2.0,0.15,30,0.009389929467996723,0.10748560460652591,1.671044007488389,0.023541166735024828,0.4101491374598947,0.1704225352112676,0.34,0.4895774647887324,14.46394366197183,2.415946392643175,1.4690485889033633,0.18946389328905044,0.03659442629022063,3550
1,2021,2.0,2.0,0.15,45,0.009389929467996723,0.10748560460652591,1.671044007488389,0.023541166735024828,0.4101491374598947,0.1704225352112676,0.34,0.4895774647887324,14.46394366197183,2.415946392643175,1.4690485889033633,0.18946389328905044,0.03659442629022063,3550
1,2021,2.0,2.0,0.15,60,0.009389929467996723,0.10748560460652591,1.671044007488389,0.023541166735024828,0.4101491374598947,0.1704225352112676,0.34,0.4895774647887324,14.46394366197183,2.415946392643175,1.4690485889033633,0.18946389328905044,0.03659442629022063,3550
1,2021,1.5,3.0,0.15,30,0.008897451424465908,0.0974088291746641,1.7431844970497867,0.02302706838333961,0.4399738445512829,0.15661971830985916,0.4388732394366197,0.40450704225352113,13.189014084507042,3.2140979463214756,1.4665801257369044,0.20404122600205174,0.04680083445828165,3550
1,2021,1.5,3.0,0.15,45,0.008897451424465908,0.0974088291746641,1.7431844970497867,0.02302706838333961,0.4399738445512829,0.15661971830985916,0.4388732394366197,0.40450704225352113,13.189014084507042,3.2140979463214756,1.4665801257369044,0.20404122600205174,0.04680083445828165,3550
1,2021,1.5,3.0,0.15,60,0.008897451424465908,0.0974088291746641,1.7431844970497867,0.02302706838333961,0.4399738445512829,0.15661971830985916,0.4388732394366197,0.40450704225352113,13.189014084507042,3.2140979463214756,1.4665801257369044,0.20404122600205174,0.04680083445828165,3550
1,2021,1.0,3.0,0.15,30,0.006343379074380064,0.08517274472168906,1.809414361830085,0.020689154310002587,0.46839219146471756,0.1476056338028169,0.551830985915493,0.30056338028169016,11.130985915492957,4.340880578346031,1.4657337015521172,0.2034441164149146,0.05497119376012474,3550
1,2021,1.0,3.0,0.15,45,0.006343379074380064,0.08517274472168906,1.809414361830085,0.020689154310002587,0.46839219146471756,0.1476056338028169,0.551830985915493,0.30056338028169016,11.130985915492957,4.340880578346031,1.4657337015521172,0.2034441164149146,0.05497119376012474,3550
1,2021,1.0,3.0,0.15,60,0.006343379074380064,0.08517274472168906,1.809414361830085,0.020689154310002587,0.46839219146471756,0.1476056338028169,0.551830985915493,0.30056338028169016,11.130985915492957,4.340880578346031,1.4657337015521172,0.2034441164149146,0.05497119376012474,3550
1,2021,1.0,2.0,0.15,30,0.005728823734701356,0.08949136276391555,1.7320141000509721,0.019550731487782594,0.4466085590360633,0.15464788732394366,0.5498591549295775,0.2954929577464789,11.031549295774647,4.0694043994723765,1.437821510196943,0.18980029867586257,0.053620195369632584,3550
1,2021,1.0,2.0,0.15,45,0.005728823734701356,0.08949136276391555,1.7320141000509721,0.019550731487782594,0.4466085590360633,0.15464788732394366,0.5498591549295775,0.2954929577464789,11.031549295774647,4.0694043994723765,1.437821510196943,0.18980029867586257,0.053620195369632584,3550
1,2021,1.0,2.0,0.15,60,0.005728823734701356,0.08949136276391555,1.7320141000509721,0.019550731487782594,0.4466085590360633,0.15464788732394366,0.5498591549295775,0.2954929577464789,11.031549295774647,4.0694043994723765,1.437821510196943,0.18980029867586257,0.053620195369632584,3550
1,2021,1.5,2.0,0.15,30,0.008247960948821808,0.10220729366602688,1.674106172208387,0.021942555402686702,0.4227920063590326,0.16507042253521126,0.4371830985915493,0.39774647887323944,13.078591549295774,3.0122443518174444,1.43582676301594,0.19004223248974497,0.04564225750111997,3550
1,2021,1.5,2.0,0.15,45,0.008247960948821808,0.10220729366602688,1.674106172208387,0.021942555402686702,0.4227920063590326,0.16507042253521126,0.4371830985915493,0.39774647887323944,13.078591549295774,3.0122443518174444,1.43582676301594,0.19004223248974497,0.04564225750111997,3550
1,2021,1.5,2.0,0.15,60,0.008247960948821808,0.10220729366602688,1.674106172208387,0.021942555402686702,0.4227920063590326,0.16507042253521126,0.4371830985915493,0.39774647887323944,13.078591549295774,3.0122443518174444,1.43582676301594,0.19004223248974497,0.04564225750111997,3550
