ticker,signal_date,signal_price,current_price,entry_price,stop_price,target_price,atr,rs,volume_ratio,ma50,ma150,ma200,high_52w,low_52w,ml_probability,ml_rank,ml_model_version,ml_score_date,ml_features,last_updated,status,notes
AEP,2025-10-06,114.76,114.76,,,,,0.17086574755413153,1.482132938344751,109.92779556274414,104.9888980102539,102.47485862731934,114.75514221191406,87.27836608886719,0.24793623387813568,79,2025-12-03T02:17:06.861944,2025-10-06,"{'Volume': 5123200.0, 'SMA_50': 109.92779556274414, 'Price_vs_SMA_50': 4.3913794727327105, 'Price_vs_SMA_150': 9.30216850233662, 'Price_vs_SMA_200': 11.983703855845924, 'ATR': 1.7469402191649235, 'Vol_Ratio': 1.482132938344751, 'nATR': 1.522319771900865, 'VCP_Ratio': 1.1405672258987745, 'Consolidation_Width': 8.767073537747997, 'Dry_Up_Volume': 1.2527714775041658, 'RSI_14': 83.81908072031824, 'RSI_Regime': 1.0, 'Dist_From_52W_High': 0.0, 'Is_Green_Day': 1.0, 'Green_Days_Ratio_20D': 0.7, 'SMA_50_Slope': 0.08451601208711026, 'alpha001': None, 'alpha006': None, 'alpha009': None, 'alpha012': None, 'alpha101': None}",2025-12-03,active,
AMD,2025-10-06,203.71,203.71,,,,,0.303315929121025,4.259445746048445,166.7565997314453,132.3619999186198,128.4028498840332,203.7100067138672,78.20999908447266,0.5747843384742737,45,2025-12-03T02:17:06.861944,2025-10-06,"{'Volume': 248859600.0, 'SMA_50': 166.7565997314453, 'Price_vs_SMA_50': 22.160086642408057, 'Price_vs_SMA_150': 53.90369353675097, 'Price_vs_SMA_200': 58.64913192958529, 'ATR': 9.662857055664062, 'Vol_Ratio': 4.259445746048445, 'nATR': 4.74343760109762, 'VCP_Ratio': 1.4401319360241571, 'Consolidation_Width': 37.73010558009051, 'Dry_Up_Volume': 1.4260878685737568, 'RSI_14': 84.23303126542909, 'RSI_Regime': 1.0, 'Dist_From_52W_High': 0.0, 'Is_Green_Day': 0.0, 'Green_Days_Ratio_20D': 0.6, 'SMA_50_Slope': 0.108494545901487, 'alpha001': None, 'alpha006': None, 'alpha009': None, 'alpha012': None, 'alpha101': None}",2025-12-03,active,
ARES,2025-10-06,9.42,9.42,,,,,0.01402382649706125,1.4651984950700572,8.89536870956421,8.238511581420898,8.101867563724518,9.41854190826416,6.806750297546387,0.27110666036605835,76,2025-12-03T02:17:06.861944,2025-10-06,"{'Volume': 722800.0, 'SMA_50': 8.89536870956421, 'Price_vs_SMA_50': 5.881411055366824, 'Price_vs_SMA_150': 14.323343666887729, 'Price_vs_SMA_200': 16.251491821897325, 'ATR': 0.06906413006238184, 'Vol_Ratio': 1.4651984950700572, 'nATR': 0.7332783644757427, 'VCP_Ratio': 1.0081876572331314, 'Consolidation_Width': 5.890126918887309, 'Dry_Up_Volume': 1.1906866242864556, 'RSI_14': 82.97506163649027, 'RSI_Regime': 1.0, 'Dist_From_52W_High': 0.0, 'Is_Green_Day': 1.0, 'Green_Days_Ratio_20D': 0.6, 'SMA_50_Slope': 0.15929312885775565, 'alpha001': None, 'alpha006': None, 'alpha009': None, 'alpha012': None, 'alpha101': None}",2025-12-03,active,
ARMK,2025-10-06,9.42,9.42,,,,,0.01402382649706125,1.4651984950700572,8.89536870956421,8.238511581420898,8.101867563724518,9.41854190826416,6.806750297546387,0.27110666036605835,77,2025-12-03T02:17:06.861944,2025-10-06,"{'Volume': 722800.0, 'SMA_50': 8.89536870956421, 'Price_vs_SMA_50': 5.881411055366824, 'Price_vs_SMA_150': 14.323343666887729, 'Price_vs_SMA_200': 16.251491821897325, 'ATR': 0.06906413006238184, 'Vol_Ratio': 1.4651984950700572, 'nATR': 0.7332783644757427, 'VCP_Ratio': 1.0081876572331314, 'Consolidation_Width': 5.890126918887309, 'Dry_Up_Volume': 1.1906866242864556, 'RSI_14': 82.97506163649027, 'RSI_Regime': 1.0, 'Dist_From_52W_High': 0.0, 'Is_Green_Day': 1.0, 'Green_Days_Ratio_20D': 0.6, 'SMA_50_Slope': 0.15929312885775565, 'alpha001': None, 'alpha006': None, 'alpha009': None, 'alpha012': None, 'alpha101': None}",2025-12-03,active,
ARHS,2025-10-06,9.42,9.42,,,,,0.01402382649706125,1.4651984950700572,8.89536870956421,8.238511581420898,8.101867563724518,9.41854190826416,6.806750297546387,0.27110666036605835,75,2025-12-03T02:17:06.861944,2025-10-06,"{'Volume': 722800.0, 'SMA_50': 8.89536870956421, 'Price_vs_SMA_50': 5.881411055366824, 'Price_vs_SMA_150': 14.323343666887729, 'Price_vs_SMA_200': 16.251491821897325, 'ATR': 0.06906413006238184, 'Vol_Ratio': 1.4651984950700572, 'nATR': 0.7332783644757427, 'VCP_Ratio': 1.0081876572331314, 'Consolidation_Width': 5.890126918887309, 'Dry_Up_Volume': 1.1906866242864556, 'RSI_14': 82.97506163649027, 'RSI_Regime': 1.0, 'Dist_From_52W_High': 0.0, 'Is_Green_Day': 1.0, 'Green_Days_Ratio_20D': 0.6, 'SMA_50_Slope': 0.15929312885775565, 'alpha001': None, 'alpha006': None, 'alpha009': None, 'alpha012': None, 'alpha101': None}",2025-12-03,active,
ARLO,2025-10-06,9.42,9.42,,,,,0.01402382649706125,1.4651984950700572,8.89536870956421,8.238511581420898,8.101867563724518,9.41854190826416,6.806750297546387,0.27110666036605835,78,2025-12-03T02:17:06.861944,2025-10-06,"{'Volume': 722800.0, 'SMA_50': 8.89536870956421, 'Price_vs_SMA_50': 5.881411055366824, 'Price_vs_SMA_150': 14.323343666887729, 'Price_vs_SMA_200': 16.251491821897325, 'ATR': 0.06906413006238184, 'Vol_Ratio': 1.4651984950700572, 'nATR': 0.7332783644757427, 'VCP_Ratio': 1.0081876572331314, 'Consolidation_Width': 5.890126918887309, 'Dry_Up_Volume': 1.1906866242864556, 'RSI_14': 82.97506163649027, 'RSI_Regime': 1.0, 'Dist_From_52W_High': 0.0, 'Is_Green_Day': 1.0, 'Green_Days_Ratio_20D': 0.6, 'SMA_50_Slope': 0.15929312885775565, 'alpha001': None, 'alpha006': None, 'alpha009': None, 'alpha012': None, 'alpha101': None}",2025-12-03,active,
AXTI,2025-10-06,5.4,5.4,,,,,0.008040380895380428,2.81581241556249,3.226399986743927,2.2139999930063885,2.181449994444847,5.400000095367432,1.159999966621399,0.6919661164283752,6,2025-12-03T02:17:06.861944,2025-10-06,"{'Volume': 3055500.0, 'SMA_50': 3.226399986743927, 'Price_vs_SMA_50': 67.36920770995587, 'Price_vs_SMA_150': 143.9024441023045, 'Price_vs_SMA_200': 147.5417776762592, 'ATR': 0.5114286116191319, 'Vol_Ratio': 2.81581241556249, 'nATR': 9.470900047906996, 'VCP_Ratio': 1.7637217181769116, 'Consolidation_Width': 45.55555545744092, 'Dry_Up_Volume': 2.161250071420541, 'RSI_14': 68.4350115851193, 'RSI_Regime': 1.0, 'Dist_From_52W_High': 0.0, 'Is_Green_Day': 1.0, 'Green_Days_Ratio_20D': 0.6, 'SMA_50_Slope': 1.8027509483394255, 'alpha001': None, 'alpha006': None, 'alpha009': None, 'alpha012': None, 'alpha101': None}",2025-12-03,active,
BLK,2025-10-06,1179.27,1179.27,,,,,1.7558851792740195,1.5188211148768194,1127.6843090820312,1018.767314046224,1011.3722555541992,1179.27001953125,807.60986328125,0.2827652394771576,72,2025-12-03T02:17:06.861944,2025-10-06,"{'Volume': 772600.0, 'SMA_50': 1127.6843090820312, 'Price_vs_SMA_50': 4.574481531201861, 'Price_vs_SMA_150': 15.75459904063467, 'Price_vs_SMA_200': 16.600985745357256, 'ATR': 20.949297223772323, 'Vol_Ratio': 1.5188211148768194, 'nATR': 1.7764631404857976, 'VCP_Ratio': 1.1698660052788568, 'Consolidation_Width': 7.234979680309049, 'Dry_Up_Volume': 1.203694238466317, 'RSI_14': 68.97546244329033, 'RSI_Regime': 1.0, 'Dist_From_52W_High': 0.0, 'Is_Green_Day': 1.0, 'Green_Days_Ratio_20D': 0.5, 'SMA_50_Slope': 0.10645544456466692, 'alpha001': None, 'alpha006': None, 'alpha009': None, 'alpha012': None, 'alpha101': None}",2025-12-03,active,
BOOT,2025-10-06,78.1,78.1,,,,,0.11628772677231516,1.945604150622188,68.05379981994629,64.04649991353352,62.64022499084473,83.66000366210938,50.900001525878906,0.542571485042572,53,2025-12-03T02:17:06.861944,2025-10-06,"{'Volume': 96000.0, 'SMA_50': 68.05379981994629, 'Price_vs_SMA_50': 14.762142129836372, 'Price_vs_SMA_150': 21.942648824776693, 'Price_vs_SMA_200': 24.680264934450523, 'ATR': 2.753570556640625, 'Vol_Ratio': 1.945604150622188, 'nATR': 3.525698604914874, 'VCP_Ratio': 0.8259792902318113, 'Consolidation_Width': 17.54160975148004, 'Dry_Up_Volume': 1.2370799724372745, 'RSI_14': 76.24179679064852, 'RSI_Regime': 1.0, 'Dist_From_52W_High': -6.645953794652384, 'Is_Green_Day': 1.0, 'Green_Days_Ratio_20D': 0.6, 'SMA_50_Slope': 0.3367888814908706, 'alpha001': None, 'alpha006': None, 'alpha009': None, 'alpha012': None, 'alpha101': None}",2025-12-03,active,
BNL,2025-10-06,78.1,78.1,,,,,0.11628772677231516,1.945604150622188,68.05379981994629,64.04649991353352,62.64022499084473,83.66000366210938,50.900001525878906,0.542571485042572,49,2025-12-03T02:17:06.861944,2025-10-06,"{'Volume': 96000.0, 'SMA_50': 68.05379981994629, 'Price_vs_SMA_50': 14.762142129836372, 'Price_vs_SMA_150': 21.942648824776693, 'Price_vs_SMA_200': 24.680264934450523, 'ATR': 2.753570556640625, 'Vol_Ratio': 1.945604150622188, 'nATR': 3.525698604914874, 'VCP_Ratio': 0.8259792902318113, 'Consolidation_Width': 17.54160975148004, 'Dry_Up_Volume': 1.2370799724372745, 'RSI_14': 76.24179679064852, 'RSI_Regime': 1.0, 'Dist_From_52W_High': -6.645953794652384, 'Is_Green_Day': 1.0, 'Green_Days_Ratio_20D': 0.6, 'SMA_50_Slope': 0.3367888814908706, 'alpha001': None, 'alpha006': None, 'alpha009': None, 'alpha012': None, 'alpha101': None}",2025-12-03,active,
BOX,2025-10-06,78.1,78.1,,,,,0.11628772677231516,1.945604150622188,68.05379981994629,64.04649991353352,62.64022499084473,83.66000366210938,50.900001525878906,0.542571485042572,50,2025-12-03T02:17:06.861944,2025-10-06,"{'Volume': 96000.0, 'SMA_50': 68.05379981994629, 'Price_vs_SMA_50': 14.762142129836372, 'Price_vs_SMA_150': 21.942648824776693, 'Price_vs_SMA_200': 24.680264934450523, 'ATR': 2.753570556640625, 'Vol_Ratio': 1.945604150622188, 'nATR': 3.525698604914874, 'VCP_Ratio': 0.8259792902318113, 'Consolidation_Width': 17.54160975148004, 'Dry_Up_Volume': 1.2370799724372745, 'RSI_14': 76.24179679064852, 'RSI_Regime': 1.0, 'Dist_From_52W_High': -6.645953794652384, 'Is_Green_Day': 1.0, 'Green_Days_Ratio_20D': 0.6, 'SMA_50_Slope': 0.3367888814908706, 'alpha001': None, 'alpha006': None, 'alpha009': None, 'alpha012': None, 'alpha101': None}",2025-12-03,active,
BOC,2025-10-06,78.1,78.1,,,,,0.11628772677231516,1.945604150622188,68.05379981994629,64.04649991353352,62.64022499084473,83.66000366210938,50.900001525878906,0.542571485042572,51,2025-12-03T02:17:06.861944,2025-10-06,"{'Volume': 96000.0, 'SMA_50': 68.05379981994629, 'Price_vs_SMA_50': 14.762142129836372, 'Price_vs_SMA_150': 21.942648824776693, 'Price_vs_SMA_200': 24.680264934450523, 'ATR': 2.753570556640625, 'Vol_Ratio': 1.945604150622188, 'nATR': 3.525698604914874, 'VCP_Ratio': 0.8259792902318113, 'Consolidation_Width': 17.54160975148004, 'Dry_Up_Volume': 1.2370799724372745, 'RSI_14': 76.24179679064852, 'RSI_Regime': 1.0, 'Dist_From_52W_High': -6.645953794652384, 'Is_Green_Day': 1.0, 'Green_Days_Ratio_20D': 0.6, 'SMA_50_Slope': 0.3367888814908706, 'alpha001': None, 'alpha006': None, 'alpha009': None, 'alpha012': None, 'alpha101': None}",2025-12-03,active,
BOE,2025-10-06,78.1,78.1,,,,,0.11628772677231516,1.945604150622188,68.05379981994629,64.04649991353352,62.64022499084473,83.66000366210938,50.900001525878906,0.542571485042572,52,2025-12-03T02:17:06.861944,2025-10-06,"{'Volume': 96000.0, 'SMA_50': 68.05379981994629, 'Price_vs_SMA_50': 14.762142129836372, 'Price_vs_SMA_150': 21.942648824776693, 'Price_vs_SMA_200': 24.680264934450523, 'ATR': 2.753570556640625, 'Vol_Ratio': 1.945604150622188, 'nATR': 3.525698604914874, 'VCP_Ratio': 0.8259792902318113, 'Consolidation_Width': 17.54160975148004, 'Dry_Up_Volume': 1.2370799724372745, 'RSI_14': 76.24179679064852, 'RSI_Regime': 1.0, 'Dist_From_52W_High': -6.645953794652384, 'Is_Green_Day': 1.0, 'Green_Days_Ratio_20D': 0.6, 'SMA_50_Slope': 0.3367888814908706, 'alpha001': None, 'alpha006': None, 'alpha009': None, 'alpha012': None, 'alpha101': None}",2025-12-03,active,
HSII,2025-10-06,58.07,58.07,,,,,0.08646615516403727,13.08870615117706,48.717721405029295,44.84888865152995,44.602889461517336,58.071533203125,36.17662048339844,0.6691629886627197,10,2025-12-03T02:17:06.861944,2025-10-06,"{'Volume': 1855900.0, 'SMA_50': 48.717721405029295, 'Price_vs_SMA_50': 19.200019065608597, 'Price_vs_SMA_150': 29.482658208842782, 'Price_vs_SMA_200': 30.19679645021248, 'ATR': 1.793985131885316, 'Vol_Ratio': 13.08870615117706, 'nATR': 3.0892677236714947, 'VCP_Ratio': 1.1739116254484105, 'Consolidation_Width': 17.38234451524899, 'Dry_Up_Volume': 3.1085941577217655, 'RSI_14': 76.7398187522704, 'RSI_Regime': 1.0, 'Dist_From_52W_High': 0.0, 'Is_Green_Day': 1.0, 'Green_Days_Ratio_20D': 0.4, 'SMA_50_Slope': 0.16863879843880888, 'alpha001': None, 'alpha006': None, 'alpha009': None, 'alpha012': None, 'alpha101': None}",2025-12-03,active,
IDR,2025-10-06,40.36,40.36,,,,,0.06009440224332672,2.0393244845568512,26.932199974060058,18.792733319600423,17.041999988555908,40.36000061035156,9.899999618530273,0.7329625487327576,3,2025-12-03T02:17:06.861944,2025-10-06,"{'Volume': 1062900.0, 'SMA_50': 26.932199974060058, 'Price_vs_SMA_50': 49.85779345625158, 'Price_vs_SMA_150': 114.76386603249958, 'Price_vs_SMA_200': 136.82666727763305, 'ATR': 2.3912147794451033, 'Vol_Ratio': 2.0393244845568512, 'nATR': 5.9247144283536075, 'VCP_Ratio': 1.2425026782621618, 'Consolidation_Width': 33.54063540984177, 'Dry_Up_Volume': 1.0714847602273208, 'RSI_14': 88.42823202762918, 'RSI_Regime': 1.0, 'Dist_From_52W_High': 0.0, 'Is_Green_Day': 1.0, 'Green_Days_Ratio_20D': 0.7, 'SMA_50_Slope': 1.172497938861891, 'alpha001': None, 'alpha006': None, 'alpha009': None, 'alpha012': None, 'alpha101': None}",2025-12-03,active,
NRDS,2025-10-06,53.63,53.63,,,,,0.0798528941466556,2.604322378690855,36.22370037078858,31.590800221761068,31.260650157928467,53.630001068115234,15.5600004196167,0.6643760204315186,12,2025-12-03T02:17:06.861944,2025-10-06,"{'Volume': 8815600.0, 'SMA_50': 36.22370037078858, 'Price_vs_SMA_50': 48.05224347362204, 'Price_vs_SMA_150': 69.76461720388026, 'Price_vs_SMA_200': 71.55753574278542, 'ATR': 4.179928643362863, 'Vol_Ratio': 2.604322378690855, 'nATR': 7.794011859246382, 'VCP_Ratio': 1.4071955358330648, 'Consolidation_Width': 47.28696289003109, 'Dry_Up_Volume': 1.1675019231973645, 'RSI_14': 74.24496779428881, 'RSI_Regime': 1.0, 'Dist_From_52W_High': 0.0, 'Is_Green_Day': 1.0, 'Green_Days_Ratio_20D': 0.7, 'SMA_50_Slope': 0.32358368885890804, 'alpha001': None, 'alpha006': None, 'alpha009': None, 'alpha012': None, 'alpha101': None}",2025-12-03,active,
SANM,2025-10-06,140.0,140.0,,,,,0.20845431582842724,5.270701057090566,117.03540023803711,95.59033350626628,92.26060012817383,140.0,65.08999633789062,0.6442082524299622,23,2025-12-03T02:17:06.861944,2025-10-06,"{'Volume': 4394700.0, 'SMA_50': 117.03540023803711, 'Price_vs_SMA_50': 19.621926114026543, 'Price_vs_SMA_150': 46.458323624137705, 'Price_vs_SMA_200': 51.744081228068964, 'ATR': 6.307856968470982, 'Vol_Ratio': 5.270701057090566, 'nATR': 4.505612120336416, 'VCP_Ratio': 1.5574274681391642, 'Consolidation_Width': 35.57856968470982, 'Dry_Up_Volume': 1.5810544040642938, 'RSI_14': 75.79283557584954, 'RSI_Regime': 1.0, 'Dist_From_52W_High': 0.0, 'Is_Green_Day': 0.0, 'Green_Days_Ratio_20D': 0.35, 'SMA_50_Slope': 0.2796447067785728, 'alpha001': None, 'alpha006': None, 'alpha009': None, 'alpha012': None, 'alpha101': None}",2025-12-03,active,
SMPL,2025-10-06,5.77,5.77,,,,,0.008591295702529105,4.766012140867252,4.059500036239624,2.4549400091171263,2.219330008625984,5.769999980926514,0.9269999861717224,0.7445330619812012,1,2025-12-03T02:17:06.861944,2025-10-06,"{'Volume': 55138900.0, 'SMA_50': 4.059500036239624, 'Price_vs_SMA_50': 42.13572926264467, 'Price_vs_SMA_150': 135.03629251623087, 'Price_vs_SMA_200': 159.98837299995753, 'ATR': 0.47714286191122873, 'Vol_Ratio': 4.766012140867252, 'nATR': 8.269373717304793, 'VCP_Ratio': 1.1088094307206628, 'Consolidation_Width': 49.99999586796222, 'Dry_Up_Volume': 1.6964904198133146, 'RSI_14': 74.45782901344755, 'RSI_Regime': 1.0, 'Dist_From_52W_High': 0.0, 'Is_Green_Day': 1.0, 'Green_Days_Ratio_20D': 0.55, 'SMA_50_Slope': 0.2059030934167904, 'alpha001': None, 'alpha006': None, 'alpha009': None, 'alpha012': None, 'alpha101': None}",2025-12-03,active,
SMLR,2025-10-06,5.77,5.77,,,,,0.008591295702529105,4.766012140867252,4.059500036239624,2.4549400091171263,2.219330008625984,5.769999980926514,0.9269999861717224,0.7445330619812012,2,2025-12-03T02:17:06.861944,2025-10-06,"{'Volume': 55138900.0, 'SMA_50': 4.059500036239624, 'Price_vs_SMA_50': 42.13572926264467, 'Price_vs_SMA_150': 135.03629251623087, 'Price_vs_SMA_200': 159.98837299995753, 'ATR': 0.47714286191122873, 'Vol_Ratio': 4.766012140867252, 'nATR': 8.269373717304793, 'VCP_Ratio': 1.1088094307206628, 'Consolidation_Width': 49.99999586796222, 'Dry_Up_Volume': 1.6964904198133146, 'RSI_14': 74.45782901344755, 'RSI_Regime': 1.0, 'Dist_From_52W_High': 0.0, 'Is_Green_Day': 1.0, 'Green_Days_Ratio_20D': 0.55, 'SMA_50_Slope': 0.2059030934167904, 'alpha001': None, 'alpha006': None, 'alpha009': None, 'alpha012': None, 'alpha101': None}",2025-12-03,active,
VRNT,2025-10-06,35.62,35.62,,,,,0.05303673219396677,1.6193427819575803,31.70560001373291,,,,,0.1714487373828888,93,2025-12-03T02:17:06.861944,2025-10-06,"{'Volume': 1537200.0, 'SMA_50': 31.70560001373291, 'Price_vs_SMA_50': 12.34608055503249, 'Price_vs_SMA_150': None, 'Price_vs_SMA_200': None, 'ATR': 2.1682142530168806, 'Vol_Ratio': 1.6193427819575803, 'nATR': 6.087069955176312, 'VCP_Ratio': 1.0090821302121662, 'Consolidation_Width': 22.431223801398414, 'Dry_Up_Volume': 1.1254916915453284, 'RSI_14': 71.46371544513838, 'RSI_Regime': 0.0, 'Dist_From_52W_High': None, 'Is_Green_Day': 1.0, 'Green_Days_Ratio_20D': 0.45, 'SMA_50_Slope': -0.7018428893885558, 'alpha001': None, 'alpha006': None, 'alpha009': None, 'alpha012': None, 'alpha101': None}",2025-12-03,active,
VRSK,2025-10-06,35.62,35.62,,,,,0.05303673219396677,1.6193427819575803,31.70560001373291,,,,,0.1714487373828888,95,2025-12-03T02:17:06.861944,2025-10-06,"{'Volume': 1537200.0, 'SMA_50': 31.70560001373291, 'Price_vs_SMA_50': 12.34608055503249, 'Price_vs_SMA_150': None, 'Price_vs_SMA_200': None, 'ATR': 2.1682142530168806, 'Vol_Ratio': 1.6193427819575803, 'nATR': 6.087069955176312, 'VCP_Ratio': 1.0090821302121662, 'Consolidation_Width': 22.431223801398414, 'Dry_Up_Volume': 1.1254916915453284, 'RSI_14': 71.46371544513838, 'RSI_Regime': 0.0, 'Dist_From_52W_High': None, 'Is_Green_Day': 1.0, 'Green_Days_Ratio_20D': 0.45, 'SMA_50_Slope': -0.7018428893885558, 'alpha001': None, 'alpha006': None, 'alpha009': None, 'alpha012': None, 'alpha101': None}",2025-12-03,active,
VRT,2025-10-06,35.62,35.62,,,,,0.05303673219396677,1.6193427819575803,31.70560001373291,,,,,0.1714487373828888,94,2025-12-03T02:17:06.861944,2025-10-06,"{'Volume': 1537200.0, 'SMA_50': 31.70560001373291, 'Price_vs_SMA_50': 12.34608055503249, 'Price_vs_SMA_150': None, 'Price_vs_SMA_200': None, 'ATR': 2.1682142530168806, 'Vol_Ratio': 1.6193427819575803, 'nATR': 6.087069955176312, 'VCP_Ratio': 1.0090821302121662, 'Consolidation_Width': 22.431223801398414, 'Dry_Up_Volume': 1.1254916915453284, 'RSI_14': 71.46371544513838, 'RSI_Regime': 0.0, 'Dist_From_52W_High': None, 'Is_Green_Day': 1.0, 'Green_Days_Ratio_20D': 0.45, 'SMA_50_Slope': -0.7018428893885558, 'alpha001': None, 'alpha006': None, 'alpha009': None, 'alpha012': None, 'alpha101': None}",2025-12-03,active,
ANIP,2025-10-03,25.95,26.270000457763672,,,,,0.03911496408739712,2.0637629646346394,24.384199981689452,22.173600006103516,21.913149995803835,33.400001525878906,16.43000030517578,0.5653702020645142,47,2025-12-03T02:17:06.861944,2025-10-03,"{'Volume': 3006500.0, 'SMA_50': 24.370599975585936, 'Price_vs_SMA_50': 6.480762841028677, 'Price_vs_SMA_150': 17.30722628397359, 'Price_vs_SMA_200': 18.48936685382414, 'ATR': 0.9121431623186383, 'Vol_Ratio': 1.8246757581826678, 'nATR': 3.515002448945271, 'VCP_Ratio': 1.1767280408396568, 'Consolidation_Width': 17.88054397140403, 'Dry_Up_Volume': 1.385928178237411, 'RSI_14': 77.77776992860868, 'RSI_Regime': 0.0, 'Dist_From_52W_High': -22.305390486785043, 'Is_Green_Day': 1.0, 'Green_Days_Ratio_20D': 0.55, 'SMA_50_Slope': -0.09027106031119689, 'alpha001': None, 'alpha006': None, 'alpha009': None, 'alpha012': None, 'alpha101': None}",2025-10-06,active,
ANAB,2025-10-03,25.95,26.270000457763672,,,,,0.03911496408739712,2.0637629646346394,24.384199981689452,22.173600006103516,21.913149995803835,33.400001525878906,16.43000030517578,0.5653702020645142,46,2025-12-03T02:17:06.861944,2025-10-03,"{'Volume': 3006500.0, 'SMA_50': 24.370599975585936, 'Price_vs_SMA_50': 6.480762841028677, 'Price_vs_SMA_150': 17.30722628397359, 'Price_vs_SMA_200': 18.48936685382414, 'ATR': 0.9121431623186383, 'Vol_Ratio': 1.8246757581826678, 'nATR': 3.515002448945271, 'VCP_Ratio': 1.1767280408396568, 'Consolidation_Width': 17.88054397140403, 'Dry_Up_Volume': 1.385928178237411, 'RSI_14': 77.77776992860868, 'RSI_Regime': 0.0, 'Dist_From_52W_High': -22.305390486785043, 'Is_Green_Day': 1.0, 'Green_Days_Ratio_20D': 0.55, 'SMA_50_Slope': -0.09027106031119689, 'alpha001': None, 'alpha006': None, 'alpha009': None, 'alpha012': None, 'alpha101': None}",2025-10-06,active,
ANGI,2025-10-03,25.95,26.270000457763672,,,,,0.03911496408739712,2.0637629646346394,24.384199981689452,22.173600006103516,21.913149995803835,33.400001525878906,16.43000030517578,0.5653702020645142,48,2025-12-03T02:17:06.861944,2025-10-03,"{'Volume': 3006500.0, 'SMA_50': 24.370599975585936, 'Price_vs_SMA_50': 6.480762841028677, 'Price_vs_SMA_150': 17.30722628397359, 'Price_vs_SMA_200': 18.48936685382414, 'ATR': 0.9121431623186383, 'Vol_Ratio': 1.8246757581826678, 'nATR': 3.515002448945271, 'VCP_Ratio': 1.1767280408396568, 'Consolidation_Width': 17.88054397140403, 'Dry_Up_Volume': 1.385928178237411, 'RSI_14': 77.77776992860868, 'RSI_Regime': 0.0, 'Dist_From_52W_High': -22.305390486785043, 'Is_Green_Day': 1.0, 'Green_Days_Ratio_20D': 0.55, 'SMA_50_Slope': -0.09027106031119689, 'alpha001': None, 'alpha006': None, 'alpha009': None, 'alpha012': None, 'alpha101': None}",2025-10-06,active,
BRSL,2025-10-03,18.06,17.795013427734375,,,,,0.02649605249454318,0.903073348578683,15.993042678833008,14.070451997121175,13.99145643234253,18.061344146728516,11.577259063720703,0.5809652805328369,41,2025-12-03T02:17:06.861944,2025-10-03,"{'Volume': 3170500.0, 'SMA_50': 15.920347881317138, 'Price_vs_SMA_50': 13.448175136448379, 'Price_vs_SMA_150': 28.59108898297174, 'Price_vs_SMA_200': 29.252756736592247, 'ATR': 0.37836208000929517, 'Vol_Ratio': 1.6168497107468363, 'nATR': 2.09487221402527, 'VCP_Ratio': 1.0631842932564282, 'Consolidation_Width': 12.069896218967411, 'Dry_Up_Volume': 0.905303246652578, 'RSI_14': 76.86836095095164, 'RSI_Regime': 1.0, 'Dist_From_52W_High': 0.0, 'Is_Green_Day': 1.0, 'Green_Days_Ratio_20D': 0.5, 'SMA_50_Slope': 0.3827633994440857, 'alpha001': None, 'alpha006': None, 'alpha009': None, 'alpha012': None, 'alpha101': None}",2025-10-06,active,
CEG,2025-10-03,14.45,15.989999771118164,,,,,0.02380846044560818,8.377297725735854,10.972419986724853,,,,,0.17452797293663025,90,2025-12-03T02:17:06.861944,2025-10-03,"{'Volume': 7131100.0, 'SMA_50': 10.855819988250733, 'Price_vs_SMA_50': 33.108321848597235, 'Price_vs_SMA_150': None, 'Price_vs_SMA_200': None, 'ATR': 0.7746428080967495, 'Vol_Ratio': 6.310071373330478, 'nATR': 5.360849953783801, 'VCP_Ratio': 3.609900208065853, 'Consolidation_Width': 32.871972752237454, 'Dry_Up_Volume': 2.4359312423348443, 'RSI_14': 85.63734115631541, 'RSI_Regime': 0.0, 'Dist_From_52W_High': None, 'Is_Green_Day': 1.0, 'Green_Days_Ratio_20D': 0.7, 'SMA_50_Slope': 0.5963990047311571, 'alpha001': None, 'alpha006': None, 'alpha009': None, 'alpha012': None, 'alpha101': None}",2025-10-06,active,
CELC,2025-10-03,14.45,15.989999771118164,,,,,0.02380846044560818,8.377297725735854,10.972419986724853,,,,,0.17452797293663025,92,2025-12-03T02:17:06.861944,2025-10-03,"{'Volume': 7131100.0, 'SMA_50': 10.855819988250733, 'Price_vs_SMA_50': 33.108321848597235, 'Price_vs_SMA_150': None, 'Price_vs_SMA_200': None, 'ATR': 0.7746428080967495, 'Vol_Ratio': 6.310071373330478, 'nATR': 5.360849953783801, 'VCP_Ratio': 3.609900208065853, 'Consolidation_Width': 32.871972752237454, 'Dry_Up_Volume': 2.4359312423348443, 'RSI_14': 85.63734115631541, 'RSI_Regime': 0.0, 'Dist_From_52W_High': None, 'Is_Green_Day': 1.0, 'Green_Days_Ratio_20D': 0.7, 'SMA_50_Slope': 0.5963990047311571, 'alpha001': None, 'alpha006': None, 'alpha009': None, 'alpha012': None, 'alpha101': None}",2025-10-06,active,
CCRN,2025-10-03,14.45,15.989999771118164,,,,,0.02380846044560818,8.377297725735854,10.972419986724853,,,,,0.17452797293663025,88,2025-12-03T02:17:06.861944,2025-10-03,"{'Volume': 7131100.0, 'SMA_50': 10.855819988250733, 'Price_vs_SMA_50': 33.108321848597235, 'Price_vs_SMA_150': None, 'Price_vs_SMA_200': None, 'ATR': 0.7746428080967495, 'Vol_Ratio': 6.310071373330478, 'nATR': 5.360849953783801, 'VCP_Ratio': 3.609900208065853, 'Consolidation_Width': 32.871972752237454, 'Dry_Up_Volume': 2.4359312423348443, 'RSI_14': 85.63734115631541, 'RSI_Regime': 0.0, 'Dist_From_52W_High': None, 'Is_Green_Day': 1.0, 'Green_Days_Ratio_20D': 0.7, 'SMA_50_Slope': 0.5963990047311571, 'alpha001': None, 'alpha006': None, 'alpha009': None, 'alpha012': None, 'alpha101': None}",2025-10-06,active,
CDNA,2025-10-03,14.45,15.989999771118164,,,,,0.02380846044560818,8.377297725735854,10.972419986724853,,,,,0.17452797293663025,89,2025-12-03T02:17:06.861944,2025-10-03,"{'Volume': 7131100.0, 'SMA_50': 10.855819988250733, 'Price_vs_SMA_50': 33.108321848597235, 'Price_vs_SMA_150': None, 'Price_vs_SMA_200': None, 'ATR': 0.7746428080967495, 'Vol_Ratio': 6.310071373330478, 'nATR': 5.360849953783801, 'VCP_Ratio': 3.609900208065853, 'Consolidation_Width': 32.871972752237454, 'Dry_Up_Volume': 2.4359312423348443, 'RSI_14': 85.63734115631541, 'RSI_Regime': 0.0, 'Dist_From_52W_High': None, 'Is_Green_Day': 1.0, 'Green_Days_Ratio_20D': 0.7, 'SMA_50_Slope': 0.5963990047311571, 'alpha001': None, 'alpha006': None, 'alpha009': None, 'alpha012': None, 'alpha101': None}",2025-10-06,active,
CDTX,2025-10-03,14.45,15.989999771118164,,,,,0.02380846044560818,8.377297725735854,10.972419986724853,,,,,0.17452797293663025,91,2025-12-03T02:17:06.861944,2025-10-03,"{'Volume': 7131100.0, 'SMA_50': 10.855819988250733, 'Price_vs_SMA_50': 33.108321848597235, 'Price_vs_SMA_150': None, 'Price_vs_SMA_200': None, 'ATR': 0.7746428080967495, 'Vol_Ratio': 6.310071373330478, 'nATR': 5.360849953783801, 'VCP_Ratio': 3.609900208065853, 'Consolidation_Width': 32.871972752237454, 'Dry_Up_Volume': 2.4359312423348443, 'RSI_14': 85.63734115631541, 'RSI_Regime': 0.0, 'Dist_From_52W_High': None, 'Is_Green_Day': 1.0, 'Green_Days_Ratio_20D': 0.7, 'SMA_50_Slope': 0.5963990047311571, 'alpha001': None, 'alpha006': None, 'alpha009': None, 'alpha012': None, 'alpha101': None}",2025-10-06,active,
CDW,2025-10-03,14.45,15.989999771118164,,,,,0.02380846044560818,8.377297725735854,10.972419986724853,,,,,0.17452797293663025,87,2025-12-03T02:17:06.861944,2025-10-03,"{'Volume': 7131100.0, 'SMA_50': 10.855819988250733, 'Price_vs_SMA_50': 33.108321848597235, 'Price_vs_SMA_150': None, 'Price_vs_SMA_200': None, 'ATR': 0.7746428080967495, 'Vol_Ratio': 6.310071373330478, 'nATR': 5.360849953783801, 'VCP_Ratio': 3.609900208065853, 'Consolidation_Width': 32.871972752237454, 'Dry_Up_Volume': 2.4359312423348443, 'RSI_14': 85.63734115631541, 'RSI_Regime': 0.0, 'Dist_From_52W_High': None, 'Is_Green_Day': 1.0, 'Green_Days_Ratio_20D': 0.7, 'SMA_50_Slope': 0.5963990047311571, 'alpha001': None, 'alpha006': None, 'alpha009': None, 'alpha012': None, 'alpha101': None}",2025-10-06,active,
CE,2025-10-03,14.45,15.989999771118164,,,,,0.02380846044560818,8.377297725735854,10.972419986724853,,,,,0.17452797293663025,86,2025-12-03T02:17:06.861944,2025-10-03,"{'Volume': 7131100.0, 'SMA_50': 10.855819988250733, 'Price_vs_SMA_50': 33.108321848597235, 'Price_vs_SMA_150': None, 'Price_vs_SMA_200': None, 'ATR': 0.7746428080967495, 'Vol_Ratio': 6.310071373330478, 'nATR': 5.360849953783801, 'VCP_Ratio': 3.609900208065853, 'Consolidation_Width': 32.871972752237454, 'Dry_Up_Volume': 2.4359312423348443, 'RSI_14': 85.63734115631541, 'RSI_Regime': 0.0, 'Dist_From_52W_High': None, 'Is_Green_Day': 1.0, 'Green_Days_Ratio_20D': 0.7, 'SMA_50_Slope': 0.5963990047311571, 'alpha001': None, 'alpha006': None, 'alpha009': None, 'alpha012': None, 'alpha101': None}",2025-10-06,active,
CDRE,2025-10-03,14.45,15.989999771118164,,,,,0.02380846044560818,8.377297725735854,10.972419986724853,,,,,0.17452797293663025,85,2025-12-03T02:17:06.861944,2025-10-03,"{'Volume': 7131100.0, 'SMA_50': 10.855819988250733, 'Price_vs_SMA_50': 33.108321848597235, 'Price_vs_SMA_150': None, 'Price_vs_SMA_200': None, 'ATR': 0.7746428080967495, 'Vol_Ratio': 6.310071373330478, 'nATR': 5.360849953783801, 'VCP_Ratio': 3.609900208065853, 'Consolidation_Width': 32.871972752237454, 'Dry_Up_Volume': 2.4359312423348443, 'RSI_14': 85.63734115631541, 'RSI_Regime': 0.0, 'Dist_From_52W_High': None, 'Is_Green_Day': 1.0, 'Green_Days_Ratio_20D': 0.7, 'SMA_50_Slope': 0.5963990047311571, 'alpha001': None, 'alpha006': None, 'alpha009': None, 'alpha012': None, 'alpha101': None}",2025-10-06,active,
CON,2025-10-03,15.76,15.899999618530273,,,,,0.0236744538725213,2.4406915302447674,12.49369997024536,8.69453330039978,8.555549986362458,15.899999618530273,4.019999980926514,0.6933228969573975,5,2025-12-03T02:17:06.861944,2025-10-03,"{'Volume': 2223400.0, 'SMA_50': 12.41709997177124, 'Price_vs_SMA_50': 26.921747144746128, 'Price_vs_SMA_150': 82.50880447872696, 'Price_vs_SMA_200': 85.03408041784293, 'ATR': 0.6885714530944824, 'Vol_Ratio': 1.3422502764912416, 'nATR': 4.36910814146185, 'VCP_Ratio': 1.2791728618139884, 'Consolidation_Width': 27.98223212795598, 'Dry_Up_Volume': 1.1730352218449813, 'RSI_14': 79.23211735687394, 'RSI_Regime': 1.0, 'Dist_From_52W_High': 0.0, 'Is_Green_Day': 1.0, 'Green_Days_Ratio_20D': 0.6, 'SMA_50_Slope': 0.3302801378667092, 'alpha001': None, 'alpha006': None, 'alpha009': None, 'alpha012': None, 'alpha101': None}",2025-10-06,active,
ETR,2025-10-03,94.76,96.83377075195312,,,,,0.14418155307989397,1.5209957185806835,89.17229705810547,84.20573603312174,82.75307136535645,96.83377075195312,62.255733489990234,0.39375609159469604,70,2025-12-03T02:17:06.861944,2025-10-03,"{'Volume': 3714100.0, 'SMA_50': 88.97557052612305, 'Price_vs_SMA_50': 6.498479115355151, 'Price_vs_SMA_150': 12.626736308962009, 'Price_vs_SMA_200': 14.673626667917834, 'ATR': 1.7085975170003778, 'Vol_Ratio': 1.3892400754672942, 'nATR': 1.8031239573190356, 'VCP_Ratio': 1.178903537327622, 'Consolidation_Width': 10.703426565027225, 'Dry_Up_Volume': 1.173318930111959, 'RSI_14': 69.7568676428534, 'RSI_Regime': 1.0, 'Dist_From_52W_High': 0.0, 'Is_Green_Day': 0.0, 'Green_Days_Ratio_20D': 0.65, 'SMA_50_Slope': 0.17093419067776605, 'alpha001': None, 'alpha006': None, 'alpha009': None, 'alpha012': None, 'alpha101': None}",2025-10-06,active,
F,2025-10-03,12.53,12.554800987243652,,,,,0.01869358892969956,1.4923068444029788,11.437719688415527,10.505672403971355,10.164261317253112,12.554800987243652,8.354903221130371,0.5041199922561646,54,2025-12-03T02:17:06.861944,2025-10-03,"{'Volume': 100778600.0, 'SMA_50': 11.410395946502685, 'Price_vs_SMA_50': 9.769587626495598, 'Price_vs_SMA_150': 19.490112817169216, 'Price_vs_SMA_200': 23.42486341039067, 'ATR': 0.29727610274890914, 'Vol_Ratio': 1.6821721988723046, 'nATR': 2.373434501460153, 'VCP_Ratio': 1.2764906914061203, 'Consolidation_Width': 10.734017594387538, 'Dry_Up_Volume': 1.3452807387105281, 'RSI_14': 75.38463289011315, 'RSI_Regime': 1.0, 'Dist_From_52W_High': 0.0, 'Is_Green_Day': 1.0, 'Green_Days_Ratio_20D': 0.45, 'SMA_50_Slope': 0.1307697832500622, 'alpha001': None, 'alpha006': None, 'alpha009': None, 'alpha012': None, 'alpha101': None}",2025-10-06,active,
IDA,2025-10-03,131.49,132.7919464111328,,,,,0.1977218166904133,1.0737419417905303,125.3615951538086,117.94354166666666,115.39222686767579,132.7919464111328,96.4873275756836,0.2796262204647064,74,2025-12-03T02:17:06.861944,2025-10-03,"{'Volume': 792000.0, 'SMA_50': 125.13735443115235, 'Price_vs_SMA_50': 5.077213214464827, 'Price_vs_SMA_150': 11.588594185061899, 'Price_vs_SMA_200': 14.06291219876372, 'ATR': 1.8998669871596527, 'Vol_Ratio': 2.022781835827757, 'nATR': 1.444866363974206, 'VCP_Ratio': 1.1585985965382404, 'Consolidation_Width': 9.101898821869762, 'Dry_Up_Volume': 1.5533534249374266, 'RSI_14': 78.53536692448651, 'RSI_Regime': 1.0, 'Dist_From_52W_High': 0.0, 'Is_Green_Day': 1.0, 'Green_Days_Ratio_20D': 0.65, 'SMA_50_Slope': 0.1695445388920746, 'alpha001': None, 'alpha006': None, 'alpha009': None, 'alpha012': None, 'alpha101': None}",2025-10-06,active,
MRCY,2025-10-03,83.5,84.0,,,,,0.12507258949705635,0.7974868432789225,67.62819976806641,54.81753318786621,51.814049835205076,84.0,32.349998474121094,0.709415078163147,4,2025-12-03T02:17:06.861944,2025-10-03,"{'Volume': 1014500.0, 'SMA_50': 67.00779975891113, 'Price_vs_SMA_50': 24.612359009587724, 'Price_vs_SMA_150': 53.075441840704606, 'Price_vs_SMA_200': 61.85087671208984, 'ATR': 2.9850011553083147, 'Vol_Ratio': 1.4239595761106043, 'nATR': 3.5748516830039696, 'VCP_Ratio': 1.1562477529904729, 'Consolidation_Width': 21.053894408448727, 'Dry_Up_Volume': 1.2173766580110885, 'RSI_14': 71.50905395531049, 'RSI_Regime': 1.0, 'Dist_From_52W_High': 0.0, 'Is_Green_Day': 1.0, 'Green_Days_Ratio_20D': 0.6, 'SMA_50_Slope': 0.8374952856749326, 'alpha001': None, 'alpha006': None, 'alpha009': None, 'alpha012': None, 'alpha101': None}",2025-10-06,active,
SCCO,2025-10-03,126.45,128.1114044189453,,,,,0.1907526796997871,1.6258706562201777,101.68598617553711,94.02518814086915,92.78283981323243,128.1114044189453,71.98236083984375,0.6423925161361694,24,2025-12-03T02:17:06.861944,2025-10-03,"{'Volume': 2495102.0, 'SMA_50': 101.02445907592774, 'Price_vs_SMA_50': 25.163460794659482, 'Price_vs_SMA_150': 34.91672773711206, 'Price_vs_SMA_200': 36.546861888120084, 'ATR': 3.667227261927889, 'Vol_Ratio': 1.591281384509997, 'nATR': 2.9002385959181822, 'VCP_Ratio': 1.260610256949671, 'Consolidation_Width': 23.353348962794605, 'Dry_Up_Volume': 1.2069131621269595, 'RSI_14': 78.82498481900386, 'RSI_Regime': 1.0, 'Dist_From_52W_High': 0.0, 'Is_Green_Day': 1.0, 'Green_Days_Ratio_20D': 0.7, 'SMA_50_Slope': 0.4621110509854433, 'alpha001': None, 'alpha006': None, 'alpha009': None, 'alpha012': None, 'alpha101': None}",2025-10-06,active,
BFZ,2025-10-02,11.75,12.109999656677246,,,,,0.018031297807965314,1.0739852449665261,9.46900001525879,7.107466686566671,7.039400020837784,12.109999656677246,3.680000066757202,0.6879995465278625,7,2025-12-03T02:17:06.861944,2025-10-02,"{'Volume': 6213400.0, 'SMA_50': 9.40400001525879, 'Price_vs_SMA_50': 24.946830932950085, 'Price_vs_SMA_150': 67.1598470593865, 'Price_vs_SMA_200': 68.57237086380962, 'ATR': 0.7057144301278251, 'Vol_Ratio': 2.2915498775558376, 'nATR': 6.006080256407022, 'VCP_Ratio': 1.0175535835272256, 'Consolidation_Width': 25.78723176996759, 'Dry_Up_Volume': 1.0578733071725726, 'RSI_14': 64.65516762982969, 'RSI_Regime': 1.0, 'Dist_From_52W_High': 0.0, 'Is_Green_Day': 1.0, 'Green_Days_Ratio_20D': 0.55, 'SMA_50_Slope': 0.18984048298726475, 'alpha001': None, 'alpha006': None, 'alpha009': None, 'alpha012': None, 'alpha101': None}",2025-10-06,active,
BFAM,2025-10-02,11.75,12.109999656677246,,,,,0.018031297807965314,1.0739852449665261,9.46900001525879,7.107466686566671,7.039400020837784,12.109999656677246,3.680000066757202,0.6879995465278625,8,2025-12-03T02:17:06.861944,2025-10-02,"{'Volume': 6213400.0, 'SMA_50': 9.40400001525879, 'Price_vs_SMA_50': 24.946830932950085, 'Price_vs_SMA_150': 67.1598470593865, 'Price_vs_SMA_200': 68.57237086380962, 'ATR': 0.7057144301278251, 'Vol_Ratio': 2.2915498775558376, 'nATR': 6.006080256407022, 'VCP_Ratio': 1.0175535835272256, 'Consolidation_Width': 25.78723176996759, 'Dry_Up_Volume': 1.0578733071725726, 'RSI_14': 64.65516762982969, 'RSI_Regime': 1.0, 'Dist_From_52W_High': 0.0, 'Is_Green_Day': 1.0, 'Green_Days_Ratio_20D': 0.55, 'SMA_50_Slope': 0.18984048298726475, 'alpha001': None, 'alpha006': None, 'alpha009': None, 'alpha012': None, 'alpha101': None}",2025-10-06,active,
BFH,2025-10-02,11.75,12.109999656677246,,,,,0.018031297807965314,1.0739852449665261,9.46900001525879,7.107466686566671,7.039400020837784,12.109999656677246,3.680000066757202,0.6879995465278625,9,2025-12-03T02:17:06.861944,2025-10-02,"{'Volume': 6213400.0, 'SMA_50': 9.40400001525879, 'Price_vs_SMA_50': 24.946830932950085, 'Price_vs_SMA_150': 67.1598470593865, 'Price_vs_SMA_200': 68.57237086380962, 'ATR': 0.7057144301278251, 'Vol_Ratio': 2.2915498775558376, 'nATR': 6.006080256407022, 'VCP_Ratio': 1.0175535835272256, 'Consolidation_Width': 25.78723176996759, 'Dry_Up_Volume': 1.0578733071725726, 'RSI_14': 64.65516762982969, 'RSI_Regime': 1.0, 'Dist_From_52W_High': 0.0, 'Is_Green_Day': 1.0, 'Green_Days_Ratio_20D': 0.55, 'SMA_50_Slope': 0.18984048298726475, 'alpha001': None, 'alpha006': None, 'alpha009': None, 'alpha012': None, 'alpha101': None}",2025-10-06,active,
CORT,2025-10-02,372.07,386.07000732421875,,,,,0.5748425659903279,0.8503251640297098,325.2482019042969,276.9690673828125,274.71425048828127,419.7799987792969,151.47000122070312,0.5779559016227722,44,2025-12-03T02:17:06.861944,2025-10-02,"{'Volume': 15750400.0, 'SMA_50': 325.6936022949219, 'Price_vs_SMA_50': 14.239274183624309, 'Price_vs_SMA_150': 35.46027672087719, 'Price_vs_SMA_200': 35.785406999143625, 'ATR': 15.761431012834821, 'Vol_Ratio': 1.55832200981431, 'nATR': 4.236146612887407, 'VCP_Ratio': 0.9755281847972473, 'Consolidation_Width': 22.46082879004986, 'Dry_Up_Volume': 0.9903730795282055, 'RSI_14': 67.50946576901976, 'RSI_Regime': 1.0, 'Dist_From_52W_High': -11.36547515217896, 'Is_Green_Day': 1.0, 'Green_Days_Ratio_20D': 0.5, 'SMA_50_Slope': -0.39936705850120807, 'alpha001': None, 'alpha006': None, 'alpha009': None, 'alpha012': None, 'alpha101': None}",2025-10-06,active,
COMM,2025-10-02,372.07,386.07000732421875,,,,,0.5748425659903279,0.8503251640297098,325.2482019042969,276.9690673828125,274.71425048828127,419.7799987792969,151.47000122070312,0.5779559016227722,43,2025-12-03T02:17:06.861944,2025-10-02,"{'Volume': 15750400.0, 'SMA_50': 325.6936022949219, 'Price_vs_SMA_50': 14.239274183624309, 'Price_vs_SMA_150': 35.46027672087719, 'Price_vs_SMA_200': 35.785406999143625, 'ATR': 15.761431012834821, 'Vol_Ratio': 1.55832200981431, 'nATR': 4.236146612887407, 'VCP_Ratio': 0.9755281847972473, 'Consolidation_Width': 22.46082879004986, 'Dry_Up_Volume': 0.9903730795282055, 'RSI_14': 67.50946576901976, 'RSI_Regime': 1.0, 'Dist_From_52W_High': -11.36547515217896, 'Is_Green_Day': 1.0, 'Green_Days_Ratio_20D': 0.5, 'SMA_50_Slope': -0.39936705850120807, 'alpha001': None, 'alpha006': None, 'alpha009': None, 'alpha012': None, 'alpha101': None}",2025-10-06,active,
COMP,2025-10-02,372.07,386.07000732421875,,,,,0.5748425659903279,0.8503251640297098,325.2482019042969,276.9690673828125,274.71425048828127,419.7799987792969,151.47000122070312,0.5779559016227722,42,2025-12-03T02:17:06.861944,2025-10-02,"{'Volume': 15750400.0, 'SMA_50': 325.6936022949219, 'Price_vs_SMA_50': 14.239274183624309, 'Price_vs_SMA_150': 35.46027672087719, 'Price_vs_SMA_200': 35.785406999143625, 'ATR': 15.761431012834821, 'Vol_Ratio': 1.55832200981431, 'nATR': 4.236146612887407, 'VCP_Ratio': 0.9755281847972473, 'Consolidation_Width': 22.46082879004986, 'Dry_Up_Volume': 0.9903730795282055, 'RSI_14': 67.50946576901976, 'RSI_Regime': 1.0, 'Dist_From_52W_High': -11.36547515217896, 'Is_Green_Day': 1.0, 'Green_Days_Ratio_20D': 0.5, 'SMA_50_Slope': -0.39936705850120807, 'alpha001': None, 'alpha006': None, 'alpha009': None, 'alpha012': None, 'alpha101': None}",2025-10-06,active,
EYE,2025-10-02,9.08,9.016807556152344,,,,,0.013425660357673784,0.9806253060082535,8.74635877609253,8.195410623550416,8.115931921005249,9.075934410095215,6.773550510406494,0.19824375212192535,83,2025-12-03T02:17:06.861944,2025-10-02,"{'Volume': 724600.0, 'SMA_50': 8.725373878479004, 'Price_vs_SMA_50': 4.017713584524582, 'Price_vs_SMA_150': 10.951628496027812, 'Price_vs_SMA_200': 11.989034764965274, 'ATR': 0.08418514926519867, 'Vol_Ratio': 2.539889515156614, 'nATR': 0.9275645400385335, 'VCP_Ratio': 1.2366728857709688, 'Consolidation_Width': 3.908790075070744, 'Dry_Up_Volume': 1.3767841619696588, 'RSI_14': 65.34650935501799, 'RSI_Regime': 1.0, 'Dist_From_52W_High': 0.0, 'Is_Green_Day': 1.0, 'Green_Days_Ratio_20D': 0.45, 'SMA_50_Slope': 0.11834676105578605, 'alpha001': None, 'alpha006': None, 'alpha009': None, 'alpha012': None, 'alpha101': None}",2025-10-06,active,
EYPT,2025-10-02,9.08,9.016807556152344,,,,,0.013425660357673784,0.9806253060082535,8.74635877609253,8.195410623550416,8.115931921005249,9.075934410095215,6.773550510406494,0.19824375212192535,84,2025-12-03T02:17:06.861944,2025-10-02,"{'Volume': 724600.0, 'SMA_50': 8.725373878479004, 'Price_vs_SMA_50': 4.017713584524582, 'Price_vs_SMA_150': 10.951628496027812, 'Price_vs_SMA_200': 11.989034764965274, 'ATR': 0.08418514926519867, 'Vol_Ratio': 2.539889515156614, 'nATR': 0.9275645400385335, 'VCP_Ratio': 1.2366728857709688, 'Consolidation_Width': 3.908790075070744, 'Dry_Up_Volume': 1.3767841619696588, 'RSI_14': 65.34650935501799, 'RSI_Regime': 1.0, 'Dist_From_52W_High': 0.0, 'Is_Green_Day': 1.0, 'Green_Days_Ratio_20D': 0.45, 'SMA_50_Slope': 0.11834676105578605, 'alpha001': None, 'alpha006': None, 'alpha009': None, 'alpha012': None, 'alpha101': None}",2025-10-06,active,
LPTH,2025-10-02,8.17,8.380000114440918,,,,,0.012477479932128025,1.7143714371437144,5.207399997711182,3.4258000008265177,3.335200002193451,8.380000114440918,1.4500000476837158,0.6605570912361145,19,2025-12-03T02:17:06.861944,2025-10-02,"{'Volume': 1665300.0, 'SMA_50': 5.009599995613098, 'Price_vs_SMA_50': 63.08687486921922, 'Price_vs_SMA_150': 144.06030533224202, 'Price_vs_SMA_200': 149.34763916504932, 'ATR': 0.794285637991769, 'Vol_Ratio': 1.3148690026324226, 'nATR': 9.721978342404995, 'VCP_Ratio': 1.5100532717341344, 'Consolidation_Width': 39.902083212227204, 'Dry_Up_Volume': 1.7721556966602816, 'RSI_14': 67.04835081048984, 'RSI_Regime': 1.0, 'Dist_From_52W_High': 0.0, 'Is_Green_Day': 1.0, 'Green_Days_Ratio_20D': 0.45, 'SMA_50_Slope': 1.9938708593052406, 'alpha001': None, 'alpha006': None, 'alpha009': None, 'alpha012': None, 'alpha101': None}",2025-10-06,active,
MP,2025-10-02,97.21,99.5,,,,,0.14815146017806077,2.5032729003848138,49.938300132751465,41.243099975585935,39.536824979782104,99.5,4.550000190734863,0.6274099349975586,30,2025-12-03T02:17:06.861944,2025-10-02,"{'Volume': 159400.0, 'SMA_50': 47.796300163269045, 'Price_vs_SMA_50': 103.38394133522813, 'Price_vs_SMA_150': 140.8726003853316, 'Price_vs_SMA_200': 150.5233172844816, 'ATR': 7.937999180385044, 'Vol_Ratio': 3.4658201426335014, 'nATR': 8.165825794820917, 'VCP_Ratio': 1.7380710113615925, 'Consolidation_Width': 64.18784070238462, 'Dry_Up_Volume': 1.7663941555053053, 'RSI_14': 91.53539956067257, 'RSI_Regime': 1.0, 'Dist_From_52W_High': 0.0, 'Is_Green_Day': 1.0, 'Green_Days_Ratio_20D': 0.65, 'SMA_50_Slope': 1.5981441856000862, 'alpha001': None, 'alpha006': None, 'alpha009': None, 'alpha012': None, 'alpha101': None}",2025-10-06,active,
MOFG,2025-10-02,97.21,99.5,,,,,0.14815146017806077,2.5032729003848138,49.938300132751465,41.243099975585935,39.536824979782104,99.5,4.550000190734863,0.6274099349975586,29,2025-12-03T02:17:06.861944,2025-10-02,"{'Volume': 159400.0, 'SMA_50': 47.796300163269045, 'Price_vs_SMA_50': 103.38394133522813, 'Price_vs_SMA_150': 140.8726003853316, 'Price_vs_SMA_200': 150.5233172844816, 'ATR': 7.937999180385044, 'Vol_Ratio': 3.4658201426335014, 'nATR': 8.165825794820917, 'VCP_Ratio': 1.7380710113615925, 'Consolidation_Width': 64.18784070238462, 'Dry_Up_Volume': 1.7663941555053053, 'RSI_14': 91.53539956067257, 'RSI_Regime': 1.0, 'Dist_From_52W_High': 0.0, 'Is_Green_Day': 1.0, 'Green_Days_Ratio_20D': 0.65, 'SMA_50_Slope': 1.5981441856000862, 'alpha001': None, 'alpha006': None, 'alpha009': None, 'alpha012': None, 'alpha101': None}",2025-10-06,active,
MPLX,2025-10-02,97.21,99.5,,,,,0.14815146017806077,2.5032729003848138,49.938300132751465,41.243099975585935,39.536824979782104,99.5,4.550000190734863,0.6274099349975586,28,2025-12-03T02:17:06.861944,2025-10-02,"{'Volume': 159400.0, 'SMA_50': 47.796300163269045, 'Price_vs_SMA_50': 103.38394133522813, 'Price_vs_SMA_150': 140.8726003853316, 'Price_vs_SMA_200': 150.5233172844816, 'ATR': 7.937999180385044, 'Vol_Ratio': 3.4658201426335014, 'nATR': 8.165825794820917, 'VCP_Ratio': 1.7380710113615925, 'Consolidation_Width': 64.18784070238462, 'Dry_Up_Volume': 1.7663941555053053, 'RSI_14': 91.53539956067257, 'RSI_Regime': 1.0, 'Dist_From_52W_High': 0.0, 'Is_Green_Day': 1.0, 'Green_Days_Ratio_20D': 0.65, 'SMA_50_Slope': 1.5981441856000862, 'alpha001': None, 'alpha006': None, 'alpha009': None, 'alpha012': None, 'alpha101': None}",2025-10-06,active,
MPC,2025-10-02,97.21,99.5,,,,,0.14815146017806077,2.5032729003848138,49.938300132751465,41.243099975585935,39.536824979782104,99.5,4.550000190734863,0.6274099349975586,32,2025-12-03T02:17:06.861944,2025-10-02,"{'Volume': 159400.0, 'SMA_50': 47.796300163269045, 'Price_vs_SMA_50': 103.38394133522813, 'Price_vs_SMA_150': 140.8726003853316, 'Price_vs_SMA_200': 150.5233172844816, 'ATR': 7.937999180385044, 'Vol_Ratio': 3.4658201426335014, 'nATR': 8.165825794820917, 'VCP_Ratio': 1.7380710113615925, 'Consolidation_Width': 64.18784070238462, 'Dry_Up_Volume': 1.7663941555053053, 'RSI_14': 91.53539956067257, 'RSI_Regime': 1.0, 'Dist_From_52W_High': 0.0, 'Is_Green_Day': 1.0, 'Green_Days_Ratio_20D': 0.65, 'SMA_50_Slope': 1.5981441856000862, 'alpha001': None, 'alpha006': None, 'alpha009': None, 'alpha012': None, 'alpha101': None}",2025-10-06,active,
MPW,2025-10-02,97.21,99.5,,,,,0.14815146017806077,2.5032729003848138,49.938300132751465,41.243099975585935,39.536824979782104,99.5,4.550000190734863,0.6274099349975586,26,2025-12-03T02:17:06.861944,2025-10-02,"{'Volume': 159400.0, 'SMA_50': 47.796300163269045, 'Price_vs_SMA_50': 103.38394133522813, 'Price_vs_SMA_150': 140.8726003853316, 'Price_vs_SMA_200': 150.5233172844816, 'ATR': 7.937999180385044, 'Vol_Ratio': 3.4658201426335014, 'nATR': 8.165825794820917, 'VCP_Ratio': 1.7380710113615925, 'Consolidation_Width': 64.18784070238462, 'Dry_Up_Volume': 1.7663941555053053, 'RSI_14': 91.53539956067257, 'RSI_Regime': 1.0, 'Dist_From_52W_High': 0.0, 'Is_Green_Day': 1.0, 'Green_Days_Ratio_20D': 0.65, 'SMA_50_Slope': 1.5981441856000862, 'alpha001': None, 'alpha006': None, 'alpha009': None, 'alpha012': None, 'alpha101': None}",2025-10-06,active,
MOH,2025-10-02,97.21,99.5,,,,,0.14815146017806077,2.5032729003848138,49.938300132751465,41.243099975585935,39.536824979782104,99.5,4.550000190734863,0.6274099349975586,31,2025-12-03T02:17:06.861944,2025-10-02,"{'Volume': 159400.0, 'SMA_50': 47.796300163269045, 'Price_vs_SMA_50': 103.38394133522813, 'Price_vs_SMA_150': 140.8726003853316, 'Price_vs_SMA_200': 150.5233172844816, 'ATR': 7.937999180385044, 'Vol_Ratio': 3.4658201426335014, 'nATR': 8.165825794820917, 'VCP_Ratio': 1.7380710113615925, 'Consolidation_Width': 64.18784070238462, 'Dry_Up_Volume': 1.7663941555053053, 'RSI_14': 91.53539956067257, 'RSI_Regime': 1.0, 'Dist_From_52W_High': 0.0, 'Is_Green_Day': 1.0, 'Green_Days_Ratio_20D': 0.65, 'SMA_50_Slope': 1.5981441856000862, 'alpha001': None, 'alpha006': None, 'alpha009': None, 'alpha012': None, 'alpha101': None}",2025-10-06,active,
MORN,2025-10-02,97.21,99.5,,,,,0.14815146017806077,2.5032729003848138,49.938300132751465,41.243099975585935,39.536824979782104,99.5,4.550000190734863,0.6274099349975586,27,2025-12-03T02:17:06.861944,2025-10-02,"{'Volume': 159400.0, 'SMA_50': 47.796300163269045, 'Price_vs_SMA_50': 103.38394133522813, 'Price_vs_SMA_150': 140.8726003853316, 'Price_vs_SMA_200': 150.5233172844816, 'ATR': 7.937999180385044, 'Vol_Ratio': 3.4658201426335014, 'nATR': 8.165825794820917, 'VCP_Ratio': 1.7380710113615925, 'Consolidation_Width': 64.18784070238462, 'Dry_Up_Volume': 1.7663941555053053, 'RSI_14': 91.53539956067257, 'RSI_Regime': 1.0, 'Dist_From_52W_High': 0.0, 'Is_Green_Day': 1.0, 'Green_Days_Ratio_20D': 0.65, 'SMA_50_Slope': 1.5981441856000862, 'alpha001': None, 'alpha006': None, 'alpha009': None, 'alpha012': None, 'alpha101': None}",2025-10-06,active,
RKLB,2025-10-02,35.4,41.709999084472656,,,,,0.062104495159700526,1.8356198671229293,20.197599983215333,14.02953330039978,13.570149974822998,41.709999084472656,0.7480000257492065,0.6625784039497375,13,2025-12-03T02:17:06.861944,2025-10-02,"{'Volume': 146006200.0, 'SMA_50': 19.189999961853026, 'Price_vs_SMA_50': 84.47108700494552, 'Price_vs_SMA_150': 160.4447790063626, 'Price_vs_SMA_200': 167.38675980345468, 'ATR': 3.4192143848964145, 'Vol_Ratio': 2.60067349595901, 'nATR': 9.658797281115437, 'VCP_Ratio': 2.119670270975418, 'Consolidation_Width': 60.28248640232899, 'Dry_Up_Volume': 1.7756477147605536, 'RSI_14': 87.91260494186886, 'RSI_Regime': 1.0, 'Dist_From_52W_High': 0.0, 'Is_Green_Day': 1.0, 'Green_Days_Ratio_20D': 0.7, 'SMA_50_Slope': 1.9825164241475945, 'alpha001': None, 'alpha006': None, 'alpha009': None, 'alpha012': None, 'alpha101': None}",2025-10-06,active,
WMB,2025-10-02,64.06,63.58000183105469,,,,,0.09466804130044754,0.9216850596936255,58.92677803039551,58.166205673217775,57.3395189666748,64.4800033569336,46.57958984375,0.40932202339172363,69,2025-12-03T02:17:06.861944,2025-10-02,"{'Volume': 10030700.0, 'SMA_50': 58.67733016967773, 'Price_vs_SMA_50': 9.173333846906317, 'Price_vs_SMA_150': 10.32518379607533, 'Price_vs_SMA_200': 11.939312359037181, 'ATR': 1.3364293234688895, 'Vol_Ratio': 1.4905556189579499, 'nATR': 2.0862150708739846, 'VCP_Ratio': 1.1362292144509254, 'Consolidation_Width': 15.505302651766506, 'Dry_Up_Volume': 1.1299227996595291, 'RSI_14': 79.72815871204152, 'RSI_Regime': 1.0, 'Dist_From_52W_High': 0.0, 'Is_Green_Day': 0.0, 'Green_Days_Ratio_20D': 0.6, 'SMA_50_Slope': 0.17244516933684062, 'alpha001': None, 'alpha006': None, 'alpha009': None, 'alpha012': None, 'alpha101': None}",2025-10-06,active,
ATXS,2025-10-01,56.94,72.9000015258789,,,,,0.10854514244263135,1.52160845214906,48.68960006713867,37.99149992624918,34.54517491340637,72.9000015258789,17.719999313354492,0.6536459922790527,21,2025-12-03T02:17:06.861944,2025-10-01,"{'Volume': 20062000.0, 'SMA_50': 48.019499893188474, 'Price_vs_SMA_50': 18.576825567452186, 'Price_vs_SMA_150': 53.319633477775476, 'Price_vs_SMA_200': 68.1301247017477, 'ATR': 3.935713904244559, 'Vol_Ratio': 1.9258548752869296, 'nATR': 6.91203723071118, 'VCP_Ratio': 1.304754035414515, 'Consolidation_Width': 37.082891417326216, 'Dry_Up_Volume': 1.1096080402473143, 'RSI_14': 79.41083287034161, 'RSI_Regime': 1.0, 'Dist_From_52W_High': -5.194809649087874, 'Is_Green_Day': 1.0, 'Green_Days_Ratio_20D': 0.5, 'SMA_50_Slope': -0.06134629516184158, 'alpha001': None, 'alpha006': None, 'alpha009': None, 'alpha012': None, 'alpha101': None}",2025-10-06,active,
ATRC,2025-10-01,56.94,72.9000015258789,,,,,0.10854514244263135,1.52160845214906,48.68960006713867,37.99149992624918,34.54517491340637,72.9000015258789,17.719999313354492,0.6536459922790527,22,2025-12-03T02:17:06.861944,2025-10-01,"{'Volume': 20062000.0, 'SMA_50': 48.019499893188474, 'Price_vs_SMA_50': 18.576825567452186, 'Price_vs_SMA_150': 53.319633477775476, 'Price_vs_SMA_200': 68.1301247017477, 'ATR': 3.935713904244559, 'Vol_Ratio': 1.9258548752869296, 'nATR': 6.91203723071118, 'VCP_Ratio': 1.304754035414515, 'Consolidation_Width': 37.082891417326216, 'Dry_Up_Volume': 1.1096080402473143, 'RSI_14': 79.41083287034161, 'RSI_Regime': 1.0, 'Dist_From_52W_High': -5.194809649087874, 'Is_Green_Day': 1.0, 'Green_Days_Ratio_20D': 0.5, 'SMA_50_Slope': -0.06134629516184158, 'alpha001': None, 'alpha006': None, 'alpha009': None, 'alpha012': None, 'alpha101': None}",2025-10-06,active,
AXON,2025-10-01,346.08,391.8800048828125,,,,,0.5834934164620529,1.729317604218033,267.3448001098633,207.1219337463379,196.6762000656128,391.8800048828125,111.6500015258789,0.5824019312858582,40,2025-12-03T02:17:06.861944,2025-10-01,"{'Volume': 2075400.0, 'SMA_50': 261.1463998413086, 'Price_vs_SMA_50': 32.52336114247365, 'Price_vs_SMA_150': 70.8440771623417, 'Price_vs_SMA_200': 78.90993891466887, 'ATR': 14.637854439871651, 'Vol_Ratio': 2.056561893059574, 'nATR': 4.229615987001055, 'VCP_Ratio': 1.3227884683631168, 'Consolidation_Width': 36.22283582277759, 'Dry_Up_Volume': 1.2818185421538706, 'RSI_14': 95.25214683933385, 'RSI_Regime': 1.0, 'Dist_From_52W_High': 0.0, 'Is_Green_Day': 1.0, 'Green_Days_Ratio_20D': 0.6, 'SMA_50_Slope': 0.31572921472077137, 'alpha001': None, 'alpha006': None, 'alpha009': None, 'alpha012': None, 'alpha101': None}",2025-10-06,active,
BILL,2025-10-01,35.46,37.724918365478516,,,,,0.056170871768279236,1.8752319489495424,33.810842514038086,30.737124404907227,29.5570320892334,37.724918365478516,23.48634910583496,0.41230323910713196,64,2025-12-03T02:17:06.861944,2025-10-01,"{'Volume': 1406900.0, 'SMA_50': 33.793374633789064, 'Price_vs_SMA_50': 4.919018644026006, 'Price_vs_SMA_150': 16.09482925744254, 'Price_vs_SMA_200': 20.44269249375992, 'ATR': 0.8090282767098823, 'Vol_Ratio': 1.76079077265036, 'nATR': 2.2818017999457894, 'VCP_Ratio': 1.1870762239051866, 'Consolidation_Width': 8.692003352222754, 'Dry_Up_Volume': 1.282527508835868, 'RSI_14': 65.07935344040075, 'RSI_Regime': 1.0, 'Dist_From_52W_High': -2.1055872268365183, 'Is_Green_Day': 1.0, 'Green_Days_Ratio_20D': 0.6, 'SMA_50_Slope': 0.00450244544630377, 'alpha001': None, 'alpha006': None, 'alpha009': None, 'alpha012': None, 'alpha101': None}",2025-10-06,active,
BHVN,2025-10-01,35.46,37.724918365478516,,,,,0.056170871768279236,1.8752319489495424,33.810842514038086,30.737124404907227,29.5570320892334,37.724918365478516,23.48634910583496,0.41230323910713196,62,2025-12-03T02:17:06.861944,2025-10-01,"{'Volume': 1406900.0, 'SMA_50': 33.793374633789064, 'Price_vs_SMA_50': 4.919018644026006, 'Price_vs_SMA_150': 16.09482925744254, 'Price_vs_SMA_200': 20.44269249375992, 'ATR': 0.8090282767098823, 'Vol_Ratio': 1.76079077265036, 'nATR': 2.2818017999457894, 'VCP_Ratio': 1.1870762239051866, 'Consolidation_Width': 8.692003352222754, 'Dry_Up_Volume': 1.282527508835868, 'RSI_14': 65.07935344040075, 'RSI_Regime': 1.0, 'Dist_From_52W_High': -2.1055872268365183, 'Is_Green_Day': 1.0, 'Green_Days_Ratio_20D': 0.6, 'SMA_50_Slope': 0.00450244544630377, 'alpha001': None, 'alpha006': None, 'alpha009': None, 'alpha012': None, 'alpha101': None}",2025-10-06,active,
BHK,2025-10-01,35.46,37.724918365478516,,,,,0.056170871768279236,1.8752319489495424,33.810842514038086,30.737124404907227,29.5570320892334,37.724918365478516,23.48634910583496,0.41230323910713196,63,2025-12-03T02:17:06.861944,2025-10-01,"{'Volume': 1406900.0, 'SMA_50': 33.793374633789064, 'Price_vs_SMA_50': 4.919018644026006, 'Price_vs_SMA_150': 16.09482925744254, 'Price_vs_SMA_200': 20.44269249375992, 'ATR': 0.8090282767098823, 'Vol_Ratio': 1.76079077265036, 'nATR': 2.2818017999457894, 'VCP_Ratio': 1.1870762239051866, 'Consolidation_Width': 8.692003352222754, 'Dry_Up_Volume': 1.282527508835868, 'RSI_14': 65.07935344040075, 'RSI_Regime': 1.0, 'Dist_From_52W_High': -2.1055872268365183, 'Is_Green_Day': 1.0, 'Green_Days_Ratio_20D': 0.6, 'SMA_50_Slope': 0.00450244544630377, 'alpha001': None, 'alpha006': None, 'alpha009': None, 'alpha012': None, 'alpha101': None}",2025-10-06,active,
BHF,2025-10-01,35.46,37.724918365478516,,,,,0.056170871768279236,1.8752319489495424,33.810842514038086,30.737124404907227,29.5570320892334,37.724918365478516,23.48634910583496,0.41230323910713196,61,2025-12-03T02:17:06.861944,2025-10-01,"{'Volume': 1406900.0, 'SMA_50': 33.793374633789064, 'Price_vs_SMA_50': 4.919018644026006, 'Price_vs_SMA_150': 16.09482925744254, 'Price_vs_SMA_200': 20.44269249375992, 'ATR': 0.8090282767098823, 'Vol_Ratio': 1.76079077265036, 'nATR': 2.2818017999457894, 'VCP_Ratio': 1.1870762239051866, 'Consolidation_Width': 8.692003352222754, 'Dry_Up_Volume': 1.282527508835868, 'RSI_14': 65.07935344040075, 'RSI_Regime': 1.0, 'Dist_From_52W_High': -2.1055872268365183, 'Is_Green_Day': 1.0, 'Green_Days_Ratio_20D': 0.6, 'SMA_50_Slope': 0.00450244544630377, 'alpha001': None, 'alpha006': None, 'alpha009': None, 'alpha012': None, 'alpha101': None}",2025-10-06,active,
BIT,2025-10-01,10.19,10.187178611755371,,,,,0.015168295340967522,1.0829740756579327,9.704441394805908,9.102190863291423,8.907567689418793,10.187178611755371,7.545594215393066,0.23162558674812317,80,2025-12-03T02:17:06.861944,2025-10-01,"{'Volume': 333400.0, 'SMA_50': 9.665127754211426, 'Price_vs_SMA_50': 5.401386001509084, 'Price_vs_SMA_150': 12.356075015076248, 'Price_vs_SMA_200': 14.708118842563508, 'ATR': 0.1091445659439786, 'Vol_Ratio': 1.9178113711143323, 'nATR': 1.071391502039952, 'VCP_Ratio': 0.9966049501342532, 'Consolidation_Width': 4.733432661003698, 'Dry_Up_Volume': 1.587975426244219, 'RSI_14': 70.71486948544742, 'RSI_Regime': 1.0, 'Dist_From_52W_High': 0.0, 'Is_Green_Day': 1.0, 'Green_Days_Ratio_20D': 0.5, 'SMA_50_Slope': 0.13921209607237467, 'alpha001': None, 'alpha006': None, 'alpha009': None, 'alpha012': None, 'alpha101': None}",2025-10-06,active,
BIPC,2025-10-01,10.19,10.187178611755371,,,,,0.015168295340967522,1.0829740756579327,9.704441394805908,9.102190863291423,8.907567689418793,10.187178611755371,7.545594215393066,0.23162558674812317,81,2025-12-03T02:17:06.861944,2025-10-01,"{'Volume': 333400.0, 'SMA_50': 9.665127754211426, 'Price_vs_SMA_50': 5.401386001509084, 'Price_vs_SMA_150': 12.356075015076248, 'Price_vs_SMA_200': 14.708118842563508, 'ATR': 0.1091445659439786, 'Vol_Ratio': 1.9178113711143323, 'nATR': 1.071391502039952, 'VCP_Ratio': 0.9966049501342532, 'Consolidation_Width': 4.733432661003698, 'Dry_Up_Volume': 1.587975426244219, 'RSI_14': 70.71486948544742, 'RSI_Regime': 1.0, 'Dist_From_52W_High': 0.0, 'Is_Green_Day': 1.0, 'Green_Days_Ratio_20D': 0.5, 'SMA_50_Slope': 0.13921209607237467, 'alpha001': None, 'alpha006': None, 'alpha009': None, 'alpha012': None, 'alpha101': None}",2025-10-06,active,
BIOA,2025-10-01,10.19,10.187178611755371,,,,,0.015168295340967522,1.0829740756579327,9.704441394805908,9.102190863291423,8.907567689418793,10.187178611755371,7.545594215393066,0.23162558674812317,82,2025-12-03T02:17:06.861944,2025-10-01,"{'Volume': 333400.0, 'SMA_50': 9.665127754211426, 'Price_vs_SMA_50': 5.401386001509084, 'Price_vs_SMA_150': 12.356075015076248, 'Price_vs_SMA_200': 14.708118842563508, 'ATR': 0.1091445659439786, 'Vol_Ratio': 1.9178113711143323, 'nATR': 1.071391502039952, 'VCP_Ratio': 0.9966049501342532, 'Consolidation_Width': 4.733432661003698, 'Dry_Up_Volume': 1.587975426244219, 'RSI_14': 70.71486948544742, 'RSI_Regime': 1.0, 'Dist_From_52W_High': 0.0, 'Is_Green_Day': 1.0, 'Green_Days_Ratio_20D': 0.5, 'SMA_50_Slope': 0.13921209607237467, 'alpha001': None, 'alpha006': None, 'alpha009': None, 'alpha012': None, 'alpha101': None}",2025-10-06,active,
CVS,2025-10-01,76.25,76.2169189453125,,,,,0.1134838978092558,0.7638803212693186,70.2080435180664,66.11982124328614,62.65830869674683,76.86164855957031,41.98459243774414,0.490048885345459,57,2025-12-03T02:17:06.861944,2025-10-01,"{'Volume': 11095200.0, 'SMA_50': 69.20663032531738, 'Price_vs_SMA_50': 10.17250927399382, 'Price_vs_SMA_150': 15.787849836360795, 'Price_vs_SMA_200': 22.56986380241388, 'ATR': 1.7648563169196763, 'Vol_Ratio': 1.3984254731432786, 'nATR': 2.314666407552437, 'VCP_Ratio': 1.0246930566259989, 'Consolidation_Width': 10.329133164524153, 'Dry_Up_Volume': 0.9271211003286335, 'RSI_14': 61.24746459078357, 'RSI_Regime': 1.0, 'Dist_From_52W_High': 0.0, 'Is_Green_Day': 1.0, 'Green_Days_Ratio_20D': 0.75, 'SMA_50_Slope': 0.3704973793120921, 'alpha001': None, 'alpha006': None, 'alpha009': None, 'alpha012': None, 'alpha101': None}",2025-10-06,active,
CWH,2025-10-01,35.24,35.130001068115234,,,,,0.05230714526932771,0.6362795176940123,33.52099430084228,30.10362377166748,28.994193325042726,35.4900016784668,24.133953094482422,0.40990781784057617,67,2025-12-03T02:17:06.861944,2025-10-01,"{'Volume': 3782100.0, 'SMA_50': 33.264882469177245, 'Price_vs_SMA_50': 5.937550541835429, 'Price_vs_SMA_150': 17.841862196947254, 'Price_vs_SMA_200': 22.030671182822584, 'ATR': 0.6158132850004436, 'Vol_Ratio': 1.4332629479112506, 'nATR': 1.7474836994026959, 'VCP_Ratio': 1.1135476562594322, 'Consolidation_Width': 6.386308461630782, 'Dry_Up_Volume': 1.0387584678513448, 'RSI_14': 64.19343117186324, 'RSI_Regime': 1.0, 'Dist_From_52W_High': 0.0, 'Is_Green_Day': 1.0, 'Green_Days_Ratio_20D': 0.5, 'SMA_50_Slope': 0.24232714103550163, 'alpha001': None, 'alpha006': None, 'alpha009': None, 'alpha012': None, 'alpha101': None}",2025-10-06,active,
CWEN,2025-10-01,35.24,35.130001068115234,,,,,0.05230714526932771,0.6362795176940123,33.52099430084228,30.10362377166748,28.994193325042726,35.4900016784668,24.133953094482422,0.40990781784057617,68,2025-12-03T02:17:06.861944,2025-10-01,"{'Volume': 3782100.0, 'SMA_50': 33.264882469177245, 'Price_vs_SMA_50': 5.937550541835429, 'Price_vs_SMA_150': 17.841862196947254, 'Price_vs_SMA_200': 22.030671182822584, 'ATR': 0.6158132850004436, 'Vol_Ratio': 1.4332629479112506, 'nATR': 1.7474836994026959, 'VCP_Ratio': 1.1135476562594322, 'Consolidation_Width': 6.386308461630782, 'Dry_Up_Volume': 1.0387584678513448, 'RSI_14': 64.19343117186324, 'RSI_Regime': 1.0, 'Dist_From_52W_High': 0.0, 'Is_Green_Day': 1.0, 'Green_Days_Ratio_20D': 0.5, 'SMA_50_Slope': 0.24232714103550163, 'alpha001': None, 'alpha006': None, 'alpha009': None, 'alpha012': None, 'alpha101': None}",2025-10-06,active,
CWAN,2025-10-01,35.24,35.130001068115234,,,,,0.05230714526932771,0.6362795176940123,33.52099430084228,30.10362377166748,28.994193325042726,35.4900016784668,24.133953094482422,0.40990781784057617,66,2025-12-03T02:17:06.861944,2025-10-01,"{'Volume': 3782100.0, 'SMA_50': 33.264882469177245, 'Price_vs_SMA_50': 5.937550541835429, 'Price_vs_SMA_150': 17.841862196947254, 'Price_vs_SMA_200': 22.030671182822584, 'ATR': 0.6158132850004436, 'Vol_Ratio': 1.4332629479112506, 'nATR': 1.7474836994026959, 'VCP_Ratio': 1.1135476562594322, 'Consolidation_Width': 6.386308461630782, 'Dry_Up_Volume': 1.0387584678513448, 'RSI_14': 64.19343117186324, 'RSI_Regime': 1.0, 'Dist_From_52W_High': 0.0, 'Is_Green_Day': 1.0, 'Green_Days_Ratio_20D': 0.5, 'SMA_50_Slope': 0.24232714103550163, 'alpha001': None, 'alpha006': None, 'alpha009': None, 'alpha012': None, 'alpha101': None}",2025-10-06,active,
CVNA,2025-10-01,35.24,35.130001068115234,,,,,0.05230714526932771,0.6362795176940123,33.52099430084228,30.10362377166748,28.994193325042726,35.4900016784668,24.133953094482422,0.40990781784057617,65,2025-12-03T02:17:06.861944,2025-10-01,"{'Volume': 3782100.0, 'SMA_50': 33.264882469177245, 'Price_vs_SMA_50': 5.937550541835429, 'Price_vs_SMA_150': 17.841862196947254, 'Price_vs_SMA_200': 22.030671182822584, 'ATR': 0.6158132850004436, 'Vol_Ratio': 1.4332629479112506, 'nATR': 1.7474836994026959, 'VCP_Ratio': 1.1135476562594322, 'Consolidation_Width': 6.386308461630782, 'Dry_Up_Volume': 1.0387584678513448, 'RSI_14': 64.19343117186324, 'RSI_Regime': 1.0, 'Dist_From_52W_High': 0.0, 'Is_Green_Day': 1.0, 'Green_Days_Ratio_20D': 0.5, 'SMA_50_Slope': 0.24232714103550163, 'alpha001': None, 'alpha006': None, 'alpha009': None, 'alpha012': None, 'alpha101': None}",2025-10-06,active,
DMLP,2025-10-01,149.15,145.24249267578125,,,,,0.2162601745710381,1.6688274518580146,131.85598846435548,113.39245198567708,112.6278039932251,149.14857482910156,70.63214111328125,0.5846823453903198,36,2025-12-03T02:17:06.861944,2025-10-01,"{'Volume': 13612000.0, 'SMA_50': 130.91773162841798, 'Price_vs_SMA_50': 13.925419401878985, 'Price_vs_SMA_150': 32.549621395413325, 'Price_vs_SMA_200': 32.90875083854482, 'ATR': 4.47904097036731, 'Vol_Ratio': 2.2609462887393845, 'nATR': 3.003073261343272, 'VCP_Ratio': 1.118463337602933, 'Consolidation_Width': 21.06493545471593, 'Dry_Up_Volume': 1.195248624364005, 'RSI_14': 84.56065942721372, 'RSI_Regime': 1.0, 'Dist_From_52W_High': 0.0, 'Is_Green_Day': 1.0, 'Green_Days_Ratio_20D': 0.7, 'SMA_50_Slope': 0.1438727818259974, 'alpha001': None, 'alpha006': None, 'alpha009': None, 'alpha012': None, 'alpha101': None}",2025-10-06,active,
DNLI,2025-10-01,149.15,145.24249267578125,,,,,0.2162601745710381,1.6688274518580146,131.85598846435548,113.39245198567708,112.6278039932251,149.14857482910156,70.63214111328125,0.5846823453903198,37,2025-12-03T02:17:06.861944,2025-10-01,"{'Volume': 13612000.0, 'SMA_50': 130.91773162841798, 'Price_vs_SMA_50': 13.925419401878985, 'Price_vs_SMA_150': 32.549621395413325, 'Price_vs_SMA_200': 32.90875083854482, 'ATR': 4.47904097036731, 'Vol_Ratio': 2.2609462887393845, 'nATR': 3.003073261343272, 'VCP_Ratio': 1.118463337602933, 'Consolidation_Width': 21.06493545471593, 'Dry_Up_Volume': 1.195248624364005, 'RSI_14': 84.56065942721372, 'RSI_Regime': 1.0, 'Dist_From_52W_High': 0.0, 'Is_Green_Day': 1.0, 'Green_Days_Ratio_20D': 0.7, 'SMA_50_Slope': 0.1438727818259974, 'alpha001': None, 'alpha006': None, 'alpha009': None, 'alpha012': None, 'alpha101': None}",2025-10-06,active,
DMAC,2025-10-01,149.15,145.24249267578125,,,,,0.2162601745710381,1.6688274518580146,131.85598846435548,113.39245198567708,112.6278039932251,149.14857482910156,70.63214111328125,0.5846823453903198,39,2025-12-03T02:17:06.861944,2025-10-01,"{'Volume': 13612000.0, 'SMA_50': 130.91773162841798, 'Price_vs_SMA_50': 13.925419401878985, 'Price_vs_SMA_150': 32.549621395413325, 'Price_vs_SMA_200': 32.90875083854482, 'ATR': 4.47904097036731, 'Vol_Ratio': 2.2609462887393845, 'nATR': 3.003073261343272, 'VCP_Ratio': 1.118463337602933, 'Consolidation_Width': 21.06493545471593, 'Dry_Up_Volume': 1.195248624364005, 'RSI_14': 84.56065942721372, 'RSI_Regime': 1.0, 'Dist_From_52W_High': 0.0, 'Is_Green_Day': 1.0, 'Green_Days_Ratio_20D': 0.7, 'SMA_50_Slope': 0.1438727818259974, 'alpha001': None, 'alpha006': None, 'alpha009': None, 'alpha012': None, 'alpha101': None}",2025-10-06,active,
DLY,2025-10-01,149.15,145.24249267578125,,,,,0.2162601745710381,1.6688274518580146,131.85598846435548,113.39245198567708,112.6278039932251,149.14857482910156,70.63214111328125,0.5846823453903198,38,2025-12-03T02:17:06.861944,2025-10-01,"{'Volume': 13612000.0, 'SMA_50': 130.91773162841798, 'Price_vs_SMA_50': 13.925419401878985, 'Price_vs_SMA_150': 32.549621395413325, 'Price_vs_SMA_200': 32.90875083854482, 'ATR': 4.47904097036731, 'Vol_Ratio': 2.2609462887393845, 'nATR': 3.003073261343272, 'VCP_Ratio': 1.118463337602933, 'Consolidation_Width': 21.06493545471593, 'Dry_Up_Volume': 1.195248624364005, 'RSI_14': 84.56065942721372, 'RSI_Regime': 1.0, 'Dist_From_52W_High': 0.0, 'Is_Green_Day': 1.0, 'Green_Days_Ratio_20D': 0.7, 'SMA_50_Slope': 0.1438727818259974, 'alpha001': None, 'alpha006': None, 'alpha009': None, 'alpha012': None, 'alpha101': None}",2025-10-06,active,
DNA,2025-10-01,149.15,145.24249267578125,,,,,0.2162601745710381,1.6688274518580146,131.85598846435548,113.39245198567708,112.6278039932251,149.14857482910156,70.63214111328125,0.5846823453903198,35,2025-12-03T02:17:06.861944,2025-10-01,"{'Volume': 13612000.0, 'SMA_50': 130.91773162841798, 'Price_vs_SMA_50': 13.925419401878985, 'Price_vs_SMA_150': 32.549621395413325, 'Price_vs_SMA_200': 32.90875083854482, 'ATR': 4.47904097036731, 'Vol_Ratio': 2.2609462887393845, 'nATR': 3.003073261343272, 'VCP_Ratio': 1.118463337602933, 'Consolidation_Width': 21.06493545471593, 'Dry_Up_Volume': 1.195248624364005, 'RSI_14': 84.56065942721372, 'RSI_Regime': 1.0, 'Dist_From_52W_High': 0.0, 'Is_Green_Day': 1.0, 'Green_Days_Ratio_20D': 0.7, 'SMA_50_Slope': 0.1438727818259974, 'alpha001': None, 'alpha006': None, 'alpha009': None, 'alpha012': None, 'alpha101': None}",2025-10-06,active,
DNOW,2025-10-01,149.15,145.24249267578125,,,,,0.2162601745710381,1.6688274518580146,131.85598846435548,113.39245198567708,112.6278039932251,149.14857482910156,70.63214111328125,0.5846823453903198,34,2025-12-03T02:17:06.861944,2025-10-01,"{'Volume': 13612000.0, 'SMA_50': 130.91773162841798, 'Price_vs_SMA_50': 13.925419401878985, 'Price_vs_SMA_150': 32.549621395413325, 'Price_vs_SMA_200': 32.90875083854482, 'ATR': 4.47904097036731, 'Vol_Ratio': 2.2609462887393845, 'nATR': 3.003073261343272, 'VCP_Ratio': 1.118463337602933, 'Consolidation_Width': 21.06493545471593, 'Dry_Up_Volume': 1.195248624364005, 'RSI_14': 84.56065942721372, 'RSI_Regime': 1.0, 'Dist_From_52W_High': 0.0, 'Is_Green_Day': 1.0, 'Green_Days_Ratio_20D': 0.7, 'SMA_50_Slope': 0.1438727818259974, 'alpha001': None, 'alpha006': None, 'alpha009': None, 'alpha012': None, 'alpha101': None}",2025-10-06,active,
ES,2025-10-01,71.6,72.69999694824219,,,,,0.10824734374696124,0.9548202711907253,65.6038330078125,62.55102780659993,61.08905012130737,72.69999694824219,52.9819221496582,0.4186444878578186,60,2025-12-03T02:17:06.861944,2025-10-01,"{'Volume': 3624600.0, 'SMA_50': 65.20661285400391, 'Price_vs_SMA_50': 9.804811721215804, 'Price_vs_SMA_150': 14.897514711793686, 'Price_vs_SMA_200': 17.66717210477024, 'ATR': 1.69946784186112, 'Vol_Ratio': 1.3043206024790943, 'nATR': 2.373558488936799, 'VCP_Ratio': 1.4395217957353408, 'Consolidation_Width': 14.304273611003545, 'Dry_Up_Volume': 1.079621636910481, 'RSI_14': 76.25301703956826, 'RSI_Regime': 1.0, 'Dist_From_52W_High': 0.0, 'Is_Green_Day': 0.0, 'Green_Days_Ratio_20D': 0.5, 'SMA_50_Slope': 0.12503371729263832, 'alpha001': None, 'alpha006': None, 'alpha009': None, 'alpha012': None, 'alpha101': None}",2025-10-06,active,
GXO,2025-10-01,76.26,74.30999755859375,,,,,0.11064456928777684,0.975158787259885,70.03460029602051,63.58713348388672,62.38260009765625,83.7699966430664,53.4900016784668,0.4677491784095764,58,2025-12-03T02:17:06.861944,2025-10-01,"{'Volume': 334900.0, 'SMA_50': 69.44660041809082, 'Price_vs_SMA_50': 9.810993881803832, 'Price_vs_SMA_150': 20.542364671560584, 'Price_vs_SMA_200': 22.579180985632604, 'ATR': 1.9864273071289062, 'Vol_Ratio': 1.3078250818122887, 'nATR': 2.6048088794704762, 'VCP_Ratio': 0.8767414386950647, 'Consolidation_Width': 9.24468295944866, 'Dry_Up_Volume': 1.0221264165827066, 'RSI_14': 53.699645246770636, 'RSI_Regime': 1.0, 'Dist_From_52W_High': -8.965017079844346, 'Is_Green_Day': 1.0, 'Green_Days_Ratio_20D': 0.55, 'SMA_50_Slope': 0.1941759400590074, 'alpha001': None, 'alpha006': None, 'alpha009': None, 'alpha012': None, 'alpha101': None}",2025-10-06,active,
H,2025-10-01,76.26,74.30999755859375,,,,,0.11064456928777684,0.975158787259885,70.03460029602051,63.58713348388672,62.38260009765625,83.7699966430664,53.4900016784668,0.4677491784095764,59,2025-12-03T02:17:06.861944,2025-10-01,"{'Volume': 334900.0, 'SMA_50': 69.44660041809082, 'Price_vs_SMA_50': 9.810993881803832, 'Price_vs_SMA_150': 20.542364671560584, 'Price_vs_SMA_200': 22.579180985632604, 'ATR': 1.9864273071289062, 'Vol_Ratio': 1.3078250818122887, 'nATR': 2.6048088794704762, 'VCP_Ratio': 0.8767414386950647, 'Consolidation_Width': 9.24468295944866, 'Dry_Up_Volume': 1.0221264165827066, 'RSI_14': 53.699645246770636, 'RSI_Regime': 1.0, 'Dist_From_52W_High': -8.965017079844346, 'Is_Green_Day': 1.0, 'Green_Days_Ratio_20D': 0.55, 'SMA_50_Slope': 0.1941759400590074, 'alpha001': None, 'alpha006': None, 'alpha009': None, 'alpha012': None, 'alpha101': None}",2025-10-06,active,
HNRG,2025-10-01,19.95,19.540000915527344,,,,,0.029094268015236388,0.6697818867556264,17.82050003051758,15.716766656239827,14.606074991226196,21.219999313354492,8.600000381469727,0.6562036275863647,20,2025-12-03T02:17:06.861944,2025-10-01,"{'Volume': 937200.0, 'SMA_50': 17.664500007629396, 'Price_vs_SMA_50': 12.938383505465406, 'Price_vs_SMA_150': 28.519804829364297, 'Price_vs_SMA_200': 37.57079484106921, 'ATR': 0.8373572485787528, 'Vol_Ratio': 1.3244883365319662, 'nATR': 4.197279280982722, 'VCP_Ratio': 0.8967459697617247, 'Consolidation_Width': 20.100251005158352, 'Dry_Up_Volume': 1.1682122799232328, 'RSI_14': 79.46058436100651, 'RSI_Regime': 1.0, 'Dist_From_52W_High': -5.984913249341079, 'Is_Green_Day': 1.0, 'Green_Days_Ratio_20D': 0.7, 'SMA_50_Slope': 0.4283631133685423, 'alpha001': None, 'alpha006': None, 'alpha009': None, 'alpha012': None, 'alpha101': None}",2025-10-06,active,
JNJ,2025-10-01,184.88,186.97286987304688,,,,,0.278395011913311,0.6848175982117204,174.7923910522461,161.02215698242188,157.48837760925292,187.44984436035156,137.84059143066406,0.28041502833366394,73,2025-12-03T02:17:06.861944,2025-10-01,"{'Volume': 13063800.0, 'SMA_50': 173.6096206665039, 'Price_vs_SMA_50': 6.4895997559291585, 'Price_vs_SMA_150': 15.16735565599844, 'Price_vs_SMA_200': 17.8975181485346, 'ATR': 2.599208407823728, 'Vol_Ratio': 1.5361372893158511, 'nATR': 1.405918417734101, 'VCP_Ratio': 1.1694194885279956, 'Consolidation_Width': 7.110988138829481, 'Dry_Up_Volume': 1.1838527204650626, 'RSI_14': 67.42044381960369, 'RSI_Regime': 1.0, 'Dist_From_52W_High': 0.0, 'Is_Green_Day': 1.0, 'Green_Days_Ratio_20D': 0.7, 'SMA_50_Slope': 0.2264734648574727, 'alpha001': None, 'alpha006': None, 'alpha009': None, 'alpha012': None, 'alpha101': None}",2025-10-06,active,
LRCX,2025-10-01,142.79,149.14999389648438,,,,,0.22207828523932677,0.9384756353248551,111.27921569824218,91.7815665435791,88.35365564346313,149.14999389648438,58.82716369628906,0.6649261116981506,11,2025-12-03T02:17:06.861944,2025-10-01,"{'Volume': 15549100.0, 'SMA_50': 108.2655126953125, 'Price_vs_SMA_50': 31.888714819077475, 'Price_vs_SMA_150': 58.04359508588662, 'Price_vs_SMA_200': 63.59295082222379, 'ATR': 4.320079754268081, 'Vol_Ratio': 1.3154377201053493, 'nATR': 3.025477944810317, 'VCP_Ratio': 1.401874817586404, 'Consolidation_Width': 32.300214707990335, 'Dry_Up_Volume': 0.935733890919452, 'RSI_14': 89.13342293891209, 'RSI_Regime': 1.0, 'Dist_From_52W_High': 0.0, 'Is_Green_Day': 1.0, 'Green_Days_Ratio_20D': 0.85, 'SMA_50_Slope': 0.599871839242695, 'alpha001': None, 'alpha006': None, 'alpha009': None, 'alpha012': None, 'alpha101': None}",2025-10-06,active,
MU,2025-10-01,182.04,190.9600067138672,,,,,0.2843316967866504,1.565206089217388,136.24802124023438,110.62984746297201,106.84821296691895,190.9600067138672,64.6186752319336,0.6115093231201172,33,2025-12-03T02:17:06.861944,2025-10-01,"{'Volume': 41674800.0, 'SMA_50': 131.65175552368163, 'Price_vs_SMA_50': 38.27084550395809, 'Price_vs_SMA_150': 67.44329354415895, 'Price_vs_SMA_200': 72.42393972520823, 'ATR': 7.039163725735842, 'Vol_Ratio': 1.8504010916242208, 'nATR': 3.866907589921033, 'VCP_Ratio': 1.4620090729093551, 'Consolidation_Width': 35.064509528506754, 'Dry_Up_Volume': 1.2834363642789666, 'RSI_14': 75.03964177251325, 'RSI_Regime': 1.0, 'Dist_From_52W_High': 0.0, 'Is_Green_Day': 1.0, 'Green_Days_Ratio_20D': 0.75, 'SMA_50_Slope': 0.7801951267756934, 'alpha001': None, 'alpha006': None, 'alpha009': None, 'alpha012': None, 'alpha101': None}",2025-10-06,active,
ORI,2025-10-01,42.77,43.369998931884766,,,,,0.06457616753446899,1.847002598941978,39.36776672363281,37.82617533365885,37.09906583786011,43.369998931884766,31.541967391967773,0.3306094706058502,71,2025-12-03T02:17:06.861944,2025-10-01,"{'Volume': 1785100.0, 'SMA_50': 38.924892578125, 'Price_vs_SMA_50': 9.878274864654472, 'Price_vs_SMA_150': 13.41223363172667, 'Price_vs_SMA_200': 15.715790990005587, 'ATR': 0.661428724016462, 'Vol_Ratio': 1.3225647279521917, 'nATR': 1.5464781784831583, 'VCP_Ratio': 1.0832269915837587, 'Consolidation_Width': 8.650925235769606, 'Dry_Up_Volume': 0.9429617566824674, 'RSI_14': 69.85558560028755, 'RSI_Regime': 1.0, 'Dist_From_52W_High': 0.0, 'Is_Green_Day': 1.0, 'Green_Days_Ratio_20D': 0.55, 'SMA_50_Slope': 0.2532690517229859, 'alpha001': None, 'alpha006': None, 'alpha009': None, 'alpha012': None, 'alpha101': None}",2025-10-06,active,
PATH,2025-10-01,100.21,104.01492309570312,,,,,0.15487399735615193,1.3080752315202075,91.74555694580079,81.3512789408366,77.56355907440185,104.01492309570312,62.114017486572266,0.4927539527416229,55,2025-12-03T02:17:06.861944,2025-10-01,"{'Volume': 934200.0, 'SMA_50': 91.01181167602539, 'Price_vs_SMA_50': 10.105639166490764, 'Price_vs_SMA_150': 24.185182702260267, 'Price_vs_SMA_200': 29.920644139290374, 'ATR': 1.9357163248258595, 'Vol_Ratio': 1.7709684023749404, 'nATR': 1.9316764753125184, 'VCP_Ratio': 1.1375958575306264, 'Consolidation_Width': 11.413482647192273, 'Dry_Up_Volume': 1.0652350296109254, 'RSI_14': 76.85417423612006, 'RSI_Regime': 1.0, 'Dist_From_52W_High': 0.0, 'Is_Green_Day': 1.0, 'Green_Days_Ratio_20D': 0.6, 'SMA_50_Slope': 0.14068980869334904, 'alpha001': None, 'alpha006': None, 'alpha009': None, 'alpha012': None, 'alpha101': None}",2025-10-06,active,
PAGP,2025-10-01,100.21,104.01492309570312,,,,,0.15487399735615193,1.3080752315202075,91.74555694580079,81.3512789408366,77.56355907440185,104.01492309570312,62.114017486572266,0.4927539527416229,56,2025-12-03T02:17:06.861944,2025-10-01,"{'Volume': 934200.0, 'SMA_50': 91.01181167602539, 'Price_vs_SMA_50': 10.105639166490764, 'Price_vs_SMA_150': 24.185182702260267, 'Price_vs_SMA_200': 29.920644139290374, 'ATR': 1.9357163248258595, 'Vol_Ratio': 1.7709684023749404, 'nATR': 1.9316764753125184, 'VCP_Ratio': 1.1375958575306264, 'Consolidation_Width': 11.413482647192273, 'Dry_Up_Volume': 1.0652350296109254, 'RSI_14': 76.85417423612006, 'RSI_Regime': 1.0, 'Dist_From_52W_High': 0.0, 'Is_Green_Day': 1.0, 'Green_Days_Ratio_20D': 0.6, 'SMA_50_Slope': 0.14068980869334904, 'alpha001': None, 'alpha006': None, 'alpha009': None, 'alpha012': None, 'alpha101': None}",2025-10-06,active,
RAPT,2025-10-01,14.59,15.720000267028809,,,,,0.023406442146329885,1.3791352034273021,9.971999969482422,6.901933339436849,6.484600000381469,15.920000076293945,3.4700000286102295,0.6607244610786438,16,2025-12-03T02:17:06.861944,2025-10-01,"{'Volume': 87787600.0, 'SMA_50': 9.801799964904784, 'Price_vs_SMA_50': 48.85021327539017, 'Price_vs_SMA_150': 118.17366374395215, 'Price_vs_SMA_200': 130.53161575642253, 'ATR': 1.4013572420392717, 'Vol_Ratio': 2.378404246793591, 'nATR': 9.604915883367603, 'VCP_Ratio': 1.6647848985543818, 'Consolidation_Width': 51.06237291423782, 'Dry_Up_Volume': 1.3272021078997638, 'RSI_14': 82.17488633421067, 'RSI_Regime': 1.0, 'Dist_From_52W_High': -0.34153134946931996, 'Is_Green_Day': 1.0, 'Green_Days_Ratio_20D': 0.6, 'SMA_50_Slope': 0.33683450134433357, 'alpha001': None, 'alpha006': None, 'alpha009': None, 'alpha012': None, 'alpha101': None}",2025-10-06,active,
RAL,2025-10-01,14.59,15.720000267028809,,,,,0.023406442146329885,1.3791352034273021,9.971999969482422,6.901933339436849,6.484600000381469,15.920000076293945,3.4700000286102295,0.6607244610786438,17,2025-12-03T02:17:06.861944,2025-10-01,"{'Volume': 87787600.0, 'SMA_50': 9.801799964904784, 'Price_vs_SMA_50': 48.85021327539017, 'Price_vs_SMA_150': 118.17366374395215, 'Price_vs_SMA_200': 130.53161575642253, 'ATR': 1.4013572420392717, 'Vol_Ratio': 2.378404246793591, 'nATR': 9.604915883367603, 'VCP_Ratio': 1.6647848985543818, 'Consolidation_Width': 51.06237291423782, 'Dry_Up_Volume': 1.3272021078997638, 'RSI_14': 82.17488633421067, 'RSI_Regime': 1.0, 'Dist_From_52W_High': -0.34153134946931996, 'Is_Green_Day': 1.0, 'Green_Days_Ratio_20D': 0.6, 'SMA_50_Slope': 0.33683450134433357, 'alpha001': None, 'alpha006': None, 'alpha009': None, 'alpha012': None, 'alpha101': None}",2025-10-06,active,
RARE,2025-10-01,14.59,15.720000267028809,,,,,0.023406442146329885,1.3791352034273021,9.971999969482422,6.901933339436849,6.484600000381469,15.920000076293945,3.4700000286102295,0.6607244610786438,18,2025-12-03T02:17:06.861944,2025-10-01,"{'Volume': 87787600.0, 'SMA_50': 9.801799964904784, 'Price_vs_SMA_50': 48.85021327539017, 'Price_vs_SMA_150': 118.17366374395215, 'Price_vs_SMA_200': 130.53161575642253, 'ATR': 1.4013572420392717, 'Vol_Ratio': 2.378404246793591, 'nATR': 9.604915883367603, 'VCP_Ratio': 1.6647848985543818, 'Consolidation_Width': 51.06237291423782, 'Dry_Up_Volume': 1.3272021078997638, 'RSI_14': 82.17488633421067, 'RSI_Regime': 1.0, 'Dist_From_52W_High': -0.34153134946931996, 'Is_Green_Day': 1.0, 'Green_Days_Ratio_20D': 0.6, 'SMA_50_Slope': 0.33683450134433357, 'alpha001': None, 'alpha006': None, 'alpha009': None, 'alpha012': None, 'alpha101': None}",2025-10-06,active,
RBLX,2025-10-01,14.59,15.720000267028809,,,,,0.023406442146329885,1.3791352034273021,9.971999969482422,6.901933339436849,6.484600000381469,15.920000076293945,3.4700000286102295,0.6607244610786438,14,2025-12-03T02:17:06.861944,2025-10-01,"{'Volume': 87787600.0, 'SMA_50': 9.801799964904784, 'Price_vs_SMA_50': 48.85021327539017, 'Price_vs_SMA_150': 118.17366374395215, 'Price_vs_SMA_200': 130.53161575642253, 'ATR': 1.4013572420392717, 'Vol_Ratio': 2.378404246793591, 'nATR': 9.604915883367603, 'VCP_Ratio': 1.6647848985543818, 'Consolidation_Width': 51.06237291423782, 'Dry_Up_Volume': 1.3272021078997638, 'RSI_14': 82.17488633421067, 'RSI_Regime': 1.0, 'Dist_From_52W_High': -0.34153134946931996, 'Is_Green_Day': 1.0, 'Green_Days_Ratio_20D': 0.6, 'SMA_50_Slope': 0.33683450134433357, 'alpha001': None, 'alpha006': None, 'alpha009': None, 'alpha012': None, 'alpha101': None}",2025-10-06,active,
RAPP,2025-10-01,14.59,15.720000267028809,,,,,0.023406442146329885,1.3791352034273021,9.971999969482422,6.901933339436849,6.484600000381469,15.920000076293945,3.4700000286102295,0.6607244610786438,15,2025-12-03T02:17:06.861944,2025-10-01,"{'Volume': 87787600.0, 'SMA_50': 9.801799964904784, 'Price_vs_SMA_50': 48.85021327539017, 'Price_vs_SMA_150': 118.17366374395215, 'Price_vs_SMA_200': 130.53161575642253, 'ATR': 1.4013572420392717, 'Vol_Ratio': 2.378404246793591, 'nATR': 9.604915883367603, 'VCP_Ratio': 1.6647848985543818, 'Consolidation_Width': 51.06237291423782, 'Dry_Up_Volume': 1.3272021078997638, 'RSI_14': 82.17488633421067, 'RSI_Regime': 1.0, 'Dist_From_52W_High': -0.34153134946931996, 'Is_Green_Day': 1.0, 'Green_Days_Ratio_20D': 0.6, 'SMA_50_Slope': 0.33683450134433357, 'alpha001': None, 'alpha006': None, 'alpha009': None, 'alpha012': None, 'alpha101': None}",2025-10-06,active,
WDC,2025-10-01,130.59,125.27999877929688,,,,,0.1865368316608895,1.479250198210443,90.92966522216797,63.64225126902262,59.94544974327087,131.30999755859375,30.447757720947266,0.6419380903244019,25,2025-12-03T02:17:06.861944,2025-10-01,"{'Volume': 18540400.0, 'SMA_50': 87.31104766845704, 'Price_vs_SMA_50': 49.56869700358552, 'Price_vs_SMA_150': 110.5793852557067, 'Price_vs_SMA_200': 122.2950412729844, 'ATR': 5.237855638776507, 'Vol_Ratio': 2.1671351115302424, 'nATR': 4.010916445103494, 'VCP_Ratio': 1.7798494860686254, 'Consolidation_Width': 34.612143514646405, 'Dry_Up_Volume': 1.4130584957227474, 'RSI_14': 84.57831122264122, 'RSI_Regime': 1.0, 'Dist_From_52W_High': 0.0, 'Is_Green_Day': 1.0, 'Green_Days_Ratio_20D': 0.65, 'SMA_50_Slope': 1.174194869062657, 'alpha001': None, 'alpha006': None, 'alpha009': None, 'alpha012': None, 'alpha101': None}",2025-10-06,active,
