id,ticker,action,action_date,reason,entry_price,stop_price,target_price,rs,vol_ratio,created_at,volume_ratio
18,AES,ADDED,2025-10-01,new_trigger,15.18,13.96,18.82,0.022704842876363294,5.856884252950757,2025-12-03 13:10:57,
19,ATXS,ADDED,2025-10-01,new_trigger,56.94,52.38,70.61,0.08518213417142345,1.9258548752869296,2025-12-03 13:10:57,
20,ATRC,ADDED,2025-10-01,new_trigger,56.94,52.38,70.61,0.08518213417142345,1.9258548752869296,2025-12-03 13:10:57,
21,AXON,ADDED,2025-10-01,new_trigger,346.08,318.39,429.14,0.5177350291753429,2.056561893059574,2025-12-03 13:10:57,
22,BILL,ADDED,2025-10-01,new_trigger,35.46,32.62,43.97,0.05304162822199101,1.76079077265036,2025-12-03 13:10:57,
23,BHVN,ADDED,2025-10-01,new_trigger,35.46,32.62,43.97,0.05304162822199101,1.76079077265036,2025-12-03 13:10:57,
24,BHK,ADDED,2025-10-01,new_trigger,35.46,32.62,43.97,0.05304162822199101,1.76079077265036,2025-12-03 13:10:57,
25,BHF,ADDED,2025-10-01,new_trigger,35.46,32.62,43.97,0.05304162822199101,1.76079077265036,2025-12-03 13:10:57,
26,BIT,ADDED,2025-10-01,new_trigger,10.19,9.37,12.63,0.015240000636876666,1.9178113711143323,2025-12-03 13:10:57,
27,BIPC,ADDED,2025-10-01,new_trigger,10.19,9.37,12.63,0.015240000636876666,1.9178113711143323,2025-12-03 13:10:57,
28,BIOA,ADDED,2025-10-01,new_trigger,10.19,9.37,12.63,0.015240000636876666,1.9178113711143323,2025-12-03 13:10:57,
29,CVS,ADDED,2025-10-01,new_trigger,76.25,70.15,94.55,0.11406489613431843,1.3984254731432786,2025-12-03 13:10:57,
30,CWH,ADDED,2025-10-01,new_trigger,35.24,32.42,43.7,0.05271897828547323,1.4332629479112506,2025-12-03 13:10:57,
31,CWEN,ADDED,2025-10-01,new_trigger,35.24,32.42,43.7,0.05271897828547323,1.4332629479112506,2025-12-03 13:10:57,
32,CWAN,ADDED,2025-10-01,new_trigger,35.24,32.42,43.7,0.05271897828547323,1.4332629479112506,2025-12-03 13:10:57,
33,CVNA,ADDED,2025-10-01,new_trigger,35.24,32.42,43.7,0.05271897828547323,1.4332629479112506,2025-12-03 13:10:57,
34,DAL,ADDED,2025-10-01,new_trigger,587.11,540.14,728.02,0.8783154680678258,1.6026704792054942,2025-12-03 13:10:57,
35,DMLP,ADDED,2025-10-01,new_trigger,149.15,137.22,184.94,0.22312599611847642,2.2609462887393845,2025-12-03 13:10:57,
36,DNLI,ADDED,2025-10-01,new_trigger,149.15,137.22,184.94,0.22312599611847642,2.2609462887393845,2025-12-03 13:10:57,
37,DMAC,ADDED,2025-10-01,new_trigger,149.15,137.22,184.94,0.22312599611847642,2.2609462887393845,2025-12-03 13:10:57,
38,DLY,ADDED,2025-10-01,new_trigger,149.15,137.22,184.94,0.22312599611847642,2.2609462887393845,2025-12-03 13:10:57,
39,DNA,ADDED,2025-10-01,new_trigger,149.15,137.22,184.94,0.22312599611847642,2.2609462887393845,2025-12-03 13:10:57,
40,DNOW,ADDED,2025-10-01,new_trigger,149.15,137.22,184.94,0.22312599611847642,2.2609462887393845,2025-12-03 13:10:57,
41,ES,ADDED,2025-10-01,new_trigger,71.6,65.87,88.78,0.10711346722504847,1.3043206024790943,2025-12-03 13:10:57,
42,GXO,ADDED,2025-10-01,new_trigger,76.26,70.16,94.56,0.11408482421062675,1.3078250818122887,2025-12-03 13:10:57,
43,H,ADDED,2025-10-01,new_trigger,76.26,70.16,94.56,0.11408482421062675,1.3078250818122887,2025-12-03 13:10:57,
44,HNRG,ADDED,2025-10-01,new_trigger,19.95,18.35,24.74,0.02984516478213568,1.3244883365319662,2025-12-03 13:10:57,
45,JNJ,ADDED,2025-10-01,new_trigger,184.88,170.09,229.25,0.27657444357752115,1.5361372893158511,2025-12-03 13:10:57,
46,LRCX,ADDED,2025-10-01,new_trigger,142.79,131.37,177.06,0.2136135697188201,1.3154377201053493,2025-12-03 13:10:57,
47,MU,ADDED,2025-10-01,new_trigger,182.04,167.47,225.72,0.2723255174794111,1.8504010916242208,2025-12-03 13:10:57,
48,ORI,ADDED,2025-10-01,new_trigger,42.77,39.35,53.03,0.06398384273574823,1.3225647279521917,2025-12-03 13:10:57,
49,PATH,ADDED,2025-10-01,new_trigger,100.21,92.19,124.26,0.14991268626359755,1.7709684023749404,2025-12-03 13:10:57,
50,PAGP,ADDED,2025-10-01,new_trigger,100.21,92.19,124.26,0.14991268626359755,1.7709684023749404,2025-12-03 13:10:57,
51,RAPT,ADDED,2025-10-01,new_trigger,14.59,13.42,18.09,0.02182661363774364,2.378404246793591,2025-12-03 13:10:57,
52,RAL,ADDED,2025-10-01,new_trigger,14.59,13.42,18.09,0.02182661363774364,2.378404246793591,2025-12-03 13:10:57,
53,RARE,ADDED,2025-10-01,new_trigger,14.59,13.42,18.09,0.02182661363774364,2.378404246793591,2025-12-03 13:10:57,
54,RBLX,ADDED,2025-10-01,new_trigger,14.59,13.42,18.09,0.02182661363774364,2.378404246793591,2025-12-03 13:10:57,
55,RAPP,ADDED,2025-10-01,new_trigger,14.59,13.42,18.09,0.02182661363774364,2.378404246793591,2025-12-03 13:10:57,
56,WDC,ADDED,2025-10-01,new_trigger,130.59,120.14,161.93,0.1953623965189554,2.1671351115302424,2025-12-03 13:10:57,
57,BFZ,ADDED,2025-10-02,new_trigger,11.75,10.81,14.57,0.017557754571571892,2.2915498775558376,2025-12-03 13:11:29,
58,BFAM,ADDED,2025-10-02,new_trigger,11.75,10.81,14.57,0.017557754571571892,2.2915498775558376,2025-12-03 13:11:29,
59,BFH,ADDED,2025-10-02,new_trigger,11.75,10.81,14.57,0.017557754571571892,2.2915498775558376,2025-12-03 13:11:29,
60,CORT,ADDED,2025-10-02,new_trigger,372.07,342.3,461.37,0.5559756486843905,1.55832200981431,2025-12-03 13:11:29,
61,COMM,ADDED,2025-10-02,new_trigger,372.07,342.3,461.37,0.5559756486843905,1.55832200981431,2025-12-03 13:11:29,
62,COMP,ADDED,2025-10-02,new_trigger,372.07,342.3,461.37,0.5559756486843905,1.55832200981431,2025-12-03 13:11:29,
63,EYE,ADDED,2025-10-02,new_trigger,9.08,8.35,11.25,0.013561959904692417,2.539889515156614,2025-12-03 13:11:29,
64,EYPT,ADDED,2025-10-02,new_trigger,9.08,8.35,11.25,0.013561959904692417,2.539889515156614,2025-12-03 13:11:29,
65,LPTH,ADDED,2025-10-02,new_trigger,8.17,7.52,10.13,0.012208243079939805,1.3148690026324226,2025-12-03 13:11:29,
66,MP,ADDED,2025-10-02,new_trigger,97.21,89.43,120.54,0.14525866432577864,3.4658201426335014,2025-12-03 13:11:29,
67,MOFG,ADDED,2025-10-02,new_trigger,97.21,89.43,120.54,0.14525866432577864,3.4658201426335014,2025-12-03 13:11:29,
68,MPLX,ADDED,2025-10-02,new_trigger,97.21,89.43,120.54,0.14525866432577864,3.4658201426335014,2025-12-03 13:11:29,
69,MPC,ADDED,2025-10-02,new_trigger,97.21,89.43,120.54,0.14525866432577864,3.4658201426335014,2025-12-03 13:11:29,
70,MPW,ADDED,2025-10-02,new_trigger,97.21,89.43,120.54,0.14525866432577864,3.4658201426335014,2025-12-03 13:11:29,
71,MOH,ADDED,2025-10-02,new_trigger,97.21,89.43,120.54,0.14525866432577864,3.4658201426335014,2025-12-03 13:11:29,
72,MORN,ADDED,2025-10-02,new_trigger,97.21,89.43,120.54,0.14525866432577864,3.4658201426335014,2025-12-03 13:11:29,
73,RKLB,ADDED,2025-10-02,new_trigger,35.4,32.57,43.9,0.052897407542523596,2.60067349595901,2025-12-03 13:11:29,
74,WMB,ADDED,2025-10-02,new_trigger,64.06,58.94,79.43,0.09572337999908796,1.4905556189579499,2025-12-03 13:11:29,
75,AES,REMOVED,2025-10-02,trend_broken,,,,,,2025-12-03 13:11:29,
76,ANIP,ADDED,2025-10-03,new_trigger,25.95,23.87,32.18,0.03877706536200046,1.8246757581826678,2025-12-03 13:12:09,
77,ANAB,ADDED,2025-10-03,new_trigger,25.95,23.87,32.18,0.03877706536200046,1.8246757581826678,2025-12-03 13:12:09,
78,ANGI,ADDED,2025-10-03,new_trigger,25.95,23.87,32.18,0.03877706536200046,1.8246757581826678,2025-12-03 13:12:09,
79,BRSL,ADDED,2025-10-03,new_trigger,18.06,16.62,22.4,0.02698905209681169,1.6168497107468363,2025-12-03 13:12:09,
80,CEG,ADDED,2025-10-03,new_trigger,14.45,13.29,17.92,0.021592623144928873,6.310071373330478,2025-12-03 13:12:09,
81,CELC,ADDED,2025-10-03,new_trigger,14.45,13.29,17.92,0.021592623144928873,6.310071373330478,2025-12-03 13:12:09,
82,CCRN,ADDED,2025-10-03,new_trigger,14.45,13.29,17.92,0.021592623144928873,6.310071373330478,2025-12-03 13:12:09,
83,CDNA,ADDED,2025-10-03,new_trigger,14.45,13.29,17.92,0.021592623144928873,6.310071373330478,2025-12-03 13:12:09,
84,CDTX,ADDED,2025-10-03,new_trigger,14.45,13.29,17.92,0.021592623144928873,6.310071373330478,2025-12-03 13:12:09,
85,CDW,ADDED,2025-10-03,new_trigger,14.45,13.29,17.92,0.021592623144928873,6.310071373330478,2025-12-03 13:12:09,
86,CE,ADDED,2025-10-03,new_trigger,14.45,13.29,17.92,0.021592623144928873,6.310071373330478,2025-12-03 13:12:09,
87,CDRE,ADDED,2025-10-03,new_trigger,14.45,13.29,17.92,0.021592623144928873,6.310071373330478,2025-12-03 13:12:09,
88,CON,ADDED,2025-10-03,new_trigger,15.76,14.5,19.54,0.023550155723050102,1.3422502764912416,2025-12-03 13:12:09,
89,ETR,ADDED,2025-10-03,new_trigger,94.76,87.18,117.5,0.14159624973219995,1.3892400754672942,2025-12-03 13:12:09,
90,F,ADDED,2025-10-03,new_trigger,12.53,11.52,15.53,0.018716313512618227,1.6821721988723046,2025-12-03 13:12:09,
91,IDA,ADDED,2025-10-03,new_trigger,131.49,120.97,163.05,0.19648666399071826,2.022781835827757,2025-12-03 13:12:09,
92,MRCY,ADDED,2025-10-03,new_trigger,83.5,76.82,103.54,0.12477398314188994,1.4239595761106043,2025-12-03 13:12:09,
93,SCCO,ADDED,2025-10-03,new_trigger,126.45,116.33,156.79,0.18894772205560628,1.591281384509997,2025-12-03 13:12:09,
94,AEP,ADDED,2025-10-06,new_trigger,114.76,105.57,142.3,0.17086574755413153,1.482132938344751,2025-12-03 13:13:48,
95,AMD,ADDED,2025-10-06,new_trigger,203.71,187.41,252.6,0.303315929121025,4.259445746048445,2025-12-03 13:13:48,
96,ARES,ADDED,2025-10-06,new_trigger,9.42,8.67,11.68,0.01402382649706125,1.4651984950700572,2025-12-03 13:13:48,
97,ARMK,ADDED,2025-10-06,new_trigger,9.42,8.67,11.68,0.01402382649706125,1.4651984950700572,2025-12-03 13:13:48,
98,ARHS,ADDED,2025-10-06,new_trigger,9.42,8.67,11.68,0.01402382649706125,1.4651984950700572,2025-12-03 13:13:48,
99,ARLO,ADDED,2025-10-06,new_trigger,9.42,8.67,11.68,0.01402382649706125,1.4651984950700572,2025-12-03 13:13:48,
100,AXTI,ADDED,2025-10-06,new_trigger,5.4,4.97,6.7,0.008040380895380428,2.81581241556249,2025-12-03 13:13:48,
101,BLK,ADDED,2025-10-06,new_trigger,1179.27,1084.93,1462.29,1.7558851792740195,1.5188211148768194,2025-12-03 13:13:48,
102,BOOT,ADDED,2025-10-06,new_trigger,78.1,71.85,96.84,0.11628772677231516,1.945604150622188,2025-12-03 13:13:48,
103,BNL,ADDED,2025-10-06,new_trigger,78.1,71.85,96.84,0.11628772677231516,1.945604150622188,2025-12-03 13:13:48,
104,BOX,ADDED,2025-10-06,new_trigger,78.1,71.85,96.84,0.11628772677231516,1.945604150622188,2025-12-03 13:13:48,
105,BOC,ADDED,2025-10-06,new_trigger,78.1,71.85,96.84,0.11628772677231516,1.945604150622188,2025-12-03 13:13:48,
106,BOE,ADDED,2025-10-06,new_trigger,78.1,71.85,96.84,0.11628772677231516,1.945604150622188,2025-12-03 13:13:48,
107,HSII,ADDED,2025-10-06,new_trigger,58.07,53.43,72.01,0.08646615516403727,13.08870615117706,2025-12-03 13:13:48,
108,IDR,ADDED,2025-10-06,new_trigger,40.36,37.13,50.05,0.06009440224332672,2.0393244845568512,2025-12-03 13:13:48,
109,NRDS,ADDED,2025-10-06,new_trigger,53.63,49.34,66.5,0.0798528941466556,2.604322378690855,2025-12-03 13:13:48,
110,SANM,ADDED,2025-10-06,new_trigger,140.0,128.8,173.6,0.20845431582842724,5.270701057090566,2025-12-03 13:13:48,
111,SMPL,ADDED,2025-10-06,new_trigger,5.77,5.31,7.15,0.008591295702529105,4.766012140867252,2025-12-03 13:13:48,
112,SMLR,ADDED,2025-10-06,new_trigger,5.77,5.31,7.15,0.008591295702529105,4.766012140867252,2025-12-03 13:13:48,
113,VRNT,ADDED,2025-10-06,new_trigger,35.62,32.77,44.17,0.05303673219396677,1.6193427819575803,2025-12-03 13:13:48,
114,VRSK,ADDED,2025-10-06,new_trigger,35.62,32.77,44.17,0.05303673219396677,1.6193427819575803,2025-12-03 13:13:48,
115,VRT,ADDED,2025-10-06,new_trigger,35.62,32.77,44.17,0.05303673219396677,1.6193427819575803,2025-12-03 13:13:48,
116,DAL,REMOVED,2025-10-06,trend_broken,,,,,,2025-12-03 13:13:48,
117,KTOS,ADDED,2025-10-07,new_trigger,103.69,95.39,128.58,0.15496473457387314,1.3284883121878843,2025-12-03 13:14:18,
118,NEE,ADDED,2025-10-07,new_trigger,82.65,76.04,102.49,0.12352093823674876,1.6219234981524226,2025-12-03 13:14:18,
119,ANIP,REMOVED,2025-10-07,trend_broken,,,,,,2025-12-03 13:14:18,
120,ANAB,REMOVED,2025-10-07,trend_broken,,,,,,2025-12-03 13:14:18,
121,ANGI,REMOVED,2025-10-07,trend_broken,,,,,,2025-12-03 13:14:18,
122,CAT,ADDED,2025-10-08,new_trigger,500.68,460.63,620.85,0.7438331014739078,1.316767046569402,2025-12-03 13:14:53,
123,CENX,ADDED,2025-10-08,new_trigger,31.6,29.07,39.18,0.046946265943395835,1.6656269072440584,2025-12-03 13:14:53,
124,CYRX,ADDED,2025-10-08,new_trigger,36.08,33.19,44.74,0.05360194116301849,1.9544720415557204,2025-12-03 13:14:53,
125,CZR,ADDED,2025-10-08,new_trigger,36.08,33.19,44.74,0.05360194116301849,1.9544720415557204,2025-12-03 13:14:53,
126,CYTK,ADDED,2025-10-08,new_trigger,36.08,33.19,44.74,0.05360194116301849,1.9544720415557204,2025-12-03 13:14:53,
127,CXM,ADDED,2025-10-08,new_trigger,36.08,33.19,44.74,0.05360194116301849,1.9544720415557204,2025-12-03 13:14:53,
128,FFIV,ADDED,2025-10-08,new_trigger,342.58,315.17,424.8,0.5089509798214292,1.4141211415726729,2025-12-03 13:14:53,
129,ICHR,ADDED,2025-10-08,new_trigger,7.16,6.59,8.88,0.010637191548528985,2.2357539154740063,2025-12-03 13:14:53,
130,ICFI,ADDED,2025-10-08,new_trigger,7.16,6.59,8.88,0.010637191548528985,2.2357539154740063,2025-12-03 13:14:53,
131,MNST,ADDED,2025-10-08,new_trigger,68.73,63.23,85.23,0.10210813218145354,1.3054516237430371,2025-12-03 13:14:53,
132,OPEN,ADDED,2025-10-08,new_trigger,23.98,22.06,29.74,0.035625677919057575,1.9880732510322852,2025-12-03 13:14:53,
133,ORA,ADDED,2025-10-08,new_trigger,23.98,22.06,29.74,0.035625677919057575,1.9880732510322852,2025-12-03 13:14:53,
134,ORGO,ADDED,2025-10-08,new_trigger,23.98,22.06,29.74,0.035625677919057575,1.9880732510322852,2025-12-03 13:14:53,
135,ORC,ADDED,2025-10-08,new_trigger,23.98,22.06,29.74,0.035625677919057575,1.9880732510322852,2025-12-03 13:14:53,
136,OPFI,ADDED,2025-10-08,new_trigger,23.98,22.06,29.74,0.035625677919057575,1.9880732510322852,2025-12-03 13:14:53,
137,RLAY,ADDED,2025-10-08,new_trigger,12.22,11.24,15.15,0.018154537197433426,1.6081479939052001,2025-12-03 13:14:53,
138,RLJ,ADDED,2025-10-08,new_trigger,12.22,11.24,15.15,0.018154537197433426,1.6081479939052001,2025-12-03 13:14:53,
139,RKT,ADDED,2025-10-08,new_trigger,12.22,11.24,15.15,0.018154537197433426,1.6081479939052001,2025-12-03 13:14:53,
140,RNA,ADDED,2025-10-08,new_trigger,12.22,11.24,15.15,0.018154537197433426,1.6081479939052001,2025-12-03 13:14:53,
141,RNG,ADDED,2025-10-08,new_trigger,12.22,11.24,15.15,0.018154537197433426,1.6081479939052001,2025-12-03 13:14:53,
142,SUPN,ADDED,2025-10-08,new_trigger,30.5,28.06,37.82,0.045312059936341575,4.378261869404396,2025-12-03 13:14:53,
143,ZVRA,ADDED,2025-10-08,new_trigger,25.9,23.83,32.12,0.03847810934642845,4.163126943411166,2025-12-03 13:14:53,
144,GXO,REMOVED,2025-10-08,trend_broken,,,,,,2025-12-03 13:14:53,
145,H,REMOVED,2025-10-08,trend_broken,,,,,,2025-12-03 13:14:53,
146,ALNT,ADDED,2025-10-09,new_trigger,47.84,44.01,59.32,0.07128186360211654,2.2589613742428756,2025-12-03 13:15:25,
147,TIC,ADDED,2025-10-09,new_trigger,8.5,7.82,10.54,0.012664640830971552,2.8486986105620558,2025-12-03 13:15:25,
148,F,REMOVED,2025-10-09,trend_broken,,,,,,2025-12-03 13:15:25,
149,OMDA,ADDED,2025-10-10,new_trigger,147.16,135.39,182.48,0.2253529742744236,2.020618759794229,2025-12-03 13:15:57,
150,ON,ADDED,2025-10-10,new_trigger,147.16,135.39,182.48,0.2253529742744236,2.020618759794229,2025-12-03 13:15:57,
151,OMAH,ADDED,2025-10-10,new_trigger,147.16,135.39,182.48,0.2253529742744236,2.020618759794229,2025-12-03 13:15:57,
152,OMER,ADDED,2025-10-10,new_trigger,147.16,135.39,182.48,0.2253529742744236,2.020618759794229,2025-12-03 13:15:57,
153,OMF,ADDED,2025-10-10,new_trigger,147.16,135.39,182.48,0.2253529742744236,2.020618759794229,2025-12-03 13:15:57,
154,OMCL,ADDED,2025-10-10,new_trigger,147.16,135.39,182.48,0.2253529742744236,2.020618759794229,2025-12-03 13:15:57,
155,PWP,ADDED,2025-10-10,new_trigger,87.0,80.04,107.88,0.13322715597976648,6.873836167393423,2025-12-03 13:15:57,
156,PVLA,ADDED,2025-10-10,new_trigger,87.0,80.04,107.88,0.13322715597976648,6.873836167393423,2025-12-03 13:15:57,
157,PX,ADDED,2025-10-10,new_trigger,87.0,80.04,107.88,0.13322715597976648,6.873836167393423,2025-12-03 13:15:57,
158,EYPT,REMOVED,2025-10-10,trend_broken,,,,,,2025-12-03 13:15:57,
159,AXTI,REMOVED,2025-10-10,trend_broken,,,,,,2025-12-03 13:15:57,
160,CVNA,REMOVED,2025-10-10,trend_broken,,,,,,2025-12-03 13:15:57,
161,BFH,REMOVED,2025-10-10,trend_broken,,,,,,2025-12-03 13:15:57,
162,VRNT,REMOVED,2025-10-10,trend_broken,,,,,,2025-12-03 13:15:57,
163,CWH,REMOVED,2025-10-10,trend_broken,,,,,,2025-12-03 13:15:57,
164,CWEN,REMOVED,2025-10-10,trend_broken,,,,,,2025-12-03 13:15:57,
165,EYE,REMOVED,2025-10-10,trend_broken,,,,,,2025-12-03 13:15:57,
166,VRSK,REMOVED,2025-10-10,trend_broken,,,,,,2025-12-03 13:15:57,
167,BFAM,REMOVED,2025-10-10,trend_broken,,,,,,2025-12-03 13:15:57,
168,CWAN,REMOVED,2025-10-10,trend_broken,,,,,,2025-12-03 13:15:57,
169,BRSL,REMOVED,2025-10-10,trend_broken,,,,,,2025-12-03 13:15:57,
170,VRT,REMOVED,2025-10-10,trend_broken,,,,,,2025-12-03 13:15:57,
171,BFZ,REMOVED,2025-10-10,trend_broken,,,,,,2025-12-03 13:15:57,
172,AGX,ADDED,2025-10-13,new_trigger,294.17,270.64,364.77,0.44366762534258863,1.3197881148853225,2025-12-03 13:17:31,
173,ATMU,ADDED,2025-10-13,new_trigger,13.32,12.25,16.52,0.020089285919762296,4.273975085369809,2025-12-03 13:17:31,
174,ATKR,ADDED,2025-10-13,new_trigger,13.32,12.25,16.52,0.020089285919762296,4.273975085369809,2025-12-03 13:17:31,
175,GEV,ADDED,2025-10-13,new_trigger,5.1,4.69,6.32,0.007691843740412051,1.7447573155301908,2025-12-03 13:17:31,
176,GFS,ADDED,2025-10-13,new_trigger,5.1,4.69,6.32,0.007691843740412051,1.7447573155301908,2025-12-03 13:17:31,
177,MTSR,ADDED,2025-10-13,new_trigger,981.67,903.14,1217.27,1.480559265567652,1.4440352389374587,2025-12-03 13:17:31,
178,BIOA,REMOVED,2025-10-13,trend_broken,,,,,,2025-12-03 13:17:31,
179,BIT,REMOVED,2025-10-13,trend_broken,,,,,,2025-12-03 13:17:31,
180,BIPC,REMOVED,2025-10-13,trend_broken,,,,,,2025-12-03 13:17:31,
181,AMSC,ADDED,2025-10-14,new_trigger,65.54,60.3,81.27,0.09896864057579483,1.694300417034003,2025-12-03 13:18:04,
182,CMC,ADDED,2025-10-14,new_trigger,60.25,55.43,74.71,0.0909831505618077,1.4446483505043102,2025-12-03 13:18:04,
183,J,ADDED,2025-10-14,new_trigger,158.02,145.38,195.94,0.23861801629791624,1.3991734114000345,2025-12-03 13:18:04,
184,PANL,ADDED,2025-10-14,new_trigger,36.16,33.27,44.84,0.05460338691071759,1.634737050702022,2025-12-03 13:18:04,
185,PACS,ADDED,2025-10-14,new_trigger,36.16,33.27,44.84,0.05460338691071759,1.634737050702022,2025-12-03 13:18:04,
186,PARR,ADDED,2025-10-14,new_trigger,36.16,33.27,44.84,0.05460338691071759,1.634737050702022,2025-12-03 13:18:04,
187,PANW,ADDED,2025-10-14,new_trigger,36.16,33.27,44.84,0.05460338691071759,1.634737050702022,2025-12-03 13:18:04,
188,PAHC,ADDED,2025-10-14,new_trigger,36.16,33.27,44.84,0.05460338691071759,1.634737050702022,2025-12-03 13:18:04,
189,PZZA,ADDED,2025-10-14,new_trigger,48.14,44.28,59.69,0.07268647414519627,3.206627932975376,2025-12-03 13:18:04,
190,WMT,ADDED,2025-10-14,new_trigger,107.21,98.63,132.94,0.1618923972735055,1.804926300378058,2025-12-03 13:18:04,
191,WULF,ADDED,2025-10-14,new_trigger,15.46,14.22,19.17,0.023345364139515146,1.519743511610897,2025-12-03 13:18:04,
192,WMB,REMOVED,2025-10-14,trend_broken,,,,,,2025-12-03 13:18:05,
193,ADM,ADDED,2025-10-15,new_trigger,62.85,57.82,77.93,0.0944876685435916,1.3822251857201016,2025-12-03 13:18:38,
194,AMRK,ADDED,2025-10-15,new_trigger,15.79,14.53,19.58,0.023738293019133074,1.8626499136869183,2025-12-03 13:18:38,
195,AMTM,ADDED,2025-10-15,new_trigger,15.79,14.53,19.58,0.023738293019133074,1.8626499136869183,2025-12-03 13:18:38,
196,BSTZ,ADDED,2025-10-15,new_trigger,188.24,173.18,233.42,0.2829953400326386,1.3028923300686919,2025-12-03 13:18:38,
197,BRX,ADDED,2025-10-15,new_trigger,188.24,173.18,233.42,0.2829953400326386,1.3028923300686919,2025-12-03 13:18:38,
198,BSY,ADDED,2025-10-15,new_trigger,188.24,173.18,233.42,0.2829953400326386,1.3028923300686919,2025-12-03 13:18:38,
199,BTU,ADDED,2025-10-15,new_trigger,188.24,173.18,233.42,0.2829953400326386,1.3028923300686919,2025-12-03 13:18:38,
200,CUK,ADDED,2025-10-15,new_trigger,6.57,6.04,8.15,0.009877174768045387,1.49535541741732,2025-12-03 13:18:38,
201,GRMN,ADDED,2025-10-15,new_trigger,191.67,176.34,237.67,0.28815190566835,1.9654429467097856,2025-12-03 13:18:38,
202,ITRI,ADDED,2025-10-15,new_trigger,133.72,123.02,165.81,0.2010313223030158,1.392373829140189,2025-12-03 13:18:38,
203,LEU,ADDED,2025-10-15,new_trigger,436.0,401.12,540.64,0.655471550433583,1.3181523614700532,2025-12-03 13:18:38,
204,MOD,ADDED,2025-10-15,new_trigger,162.07,149.1,200.97,0.24365201600822892,1.3150125789392617,2025-12-03 13:18:38,
205,MS,ADDED,2025-10-15,new_trigger,161.67,148.73,200.47,0.2430443208454283,2.60118180023079,2025-12-03 13:18:38,
206,NWE,ADDED,2025-10-15,new_trigger,18.78,17.27,23.28,0.02822908738138463,1.4093320636648075,2025-12-03 13:18:38,
207,NVST,ADDED,2025-10-15,new_trigger,18.78,17.27,23.28,0.02822908738138463,1.4093320636648075,2025-12-03 13:18:38,
208,POWL,ADDED,2025-10-15,new_trigger,329.49,303.13,408.56,0.495339940879847,1.3764014683825418,2025-12-03 13:18:38,
209,SSRM,ADDED,2025-10-15,new_trigger,25.41,23.38,31.51,0.038200761459863126,1.3387826812749724,2025-12-03 13:18:38,
210,TRIN,ADDED,2025-10-15,new_trigger,9.52,8.76,11.8,0.014312131789400856,1.3040268002894682,2025-12-03 13:18:38,
211,VRNT,ADDED,2025-10-15,new_trigger,36.8,33.86,45.63,0.05532420310979529,1.792741314007444,2025-12-03 13:18:38,
212,VRSK,ADDED,2025-10-15,new_trigger,36.8,33.86,45.63,0.05532420310979529,1.792741314007444,2025-12-03 13:18:38,
213,VRT,ADDED,2025-10-15,new_trigger,36.8,33.86,45.63,0.05532420310979529,1.792741314007444,2025-12-03 13:18:38,
214,WFC,ADDED,2025-10-15,new_trigger,86.01,79.13,106.65,0.12930199359615788,1.6218800822246067,2025-12-03 13:18:38,
215,AEIS,ADDED,2025-10-16,new_trigger,192.12,176.75,238.23,0.29081183204689315,1.9516148254081753,2025-12-03 13:19:09,
216,PTRN,ADDED,2025-10-16,new_trigger,10.28,9.46,12.75,0.015560667693496797,3.2064698166979726,2025-12-03 13:19:09,
217,PTLO,ADDED,2025-10-16,new_trigger,10.28,9.46,12.75,0.015560667693496797,3.2064698166979726,2025-12-03 13:19:09,
218,PTY,ADDED,2025-10-16,new_trigger,10.28,9.46,12.75,0.015560667693496797,3.2064698166979726,2025-12-03 13:19:10,
219,PTCT,ADDED,2025-10-16,new_trigger,10.28,9.46,12.75,0.015560667693496797,3.2064698166979726,2025-12-03 13:19:10,
220,PUBM,ADDED,2025-10-16,new_trigger,10.28,9.46,12.75,0.015560667693496797,3.2064698166979726,2025-12-03 13:19:10,
221,RGLD,ADDED,2025-10-16,new_trigger,206.65,190.12,256.25,0.3128027205655323,1.6264792460019133,2025-12-03 13:19:10,
222,FFIV,REMOVED,2025-10-16,trend_broken,,,,,,2025-12-03 13:19:10,
223,CMC,REMOVED,2025-10-16,trend_broken,,,,,,2025-12-03 13:19:10,
224,LPTH,REMOVED,2025-10-16,trend_broken,,,,,,2025-12-03 13:19:10,
225,ORI,REMOVED,2025-10-16,trend_broken,,,,,,2025-12-03 13:19:10,
226,AXP,ADDED,2025-10-17,new_trigger,346.62,318.89,429.81,0.5217116264166037,2.7056567992278797,2025-12-03 13:19:38,
227,GILD,ADDED,2025-10-17,new_trigger,122.81,112.99,152.28,0.18484624219341822,2.220553378959178,2025-12-03 13:19:38,
228,ATMU,REMOVED,2025-10-17,trend_broken,,,,,,2025-12-03 13:19:38,
229,PAHC,REMOVED,2025-10-17,trend_broken,,,,,,2025-12-03 13:19:38,
230,PANW,REMOVED,2025-10-17,trend_broken,,,,,,2025-12-03 13:19:38,
231,VRNT,REMOVED,2025-10-17,trend_broken,,,,,,2025-12-03 13:19:38,
232,IDR,REMOVED,2025-10-17,trend_broken,,,,,,2025-12-03 13:19:38,
233,VRSK,REMOVED,2025-10-17,trend_broken,,,,,,2025-12-03 13:19:38,
234,PACS,REMOVED,2025-10-17,trend_broken,,,,,,2025-12-03 13:19:38,
235,VRT,REMOVED,2025-10-17,trend_broken,,,,,,2025-12-03 13:19:38,
236,ATKR,REMOVED,2025-10-17,trend_broken,,,,,,2025-12-03 13:19:38,
237,PANL,REMOVED,2025-10-17,trend_broken,,,,,,2025-12-03 13:19:38,
238,PARR,REMOVED,2025-10-17,trend_broken,,,,,,2025-12-03 13:19:38,
239,DGX,ADDED,2025-10-20,new_trigger,190.41,175.18,236.11,0.2836436870617559,1.8228026982027465,2025-12-03 13:21:10,
240,FOXF,ADDED,2025-10-20,new_trigger,23.84,21.93,29.56,0.03551318424861975,1.4330629087948796,2025-12-03 13:21:10,
241,FPI,ADDED,2025-10-20,new_trigger,23.84,21.93,29.56,0.03551318424861975,1.4330629087948796,2025-12-03 13:21:10,
242,FRA,ADDED,2025-10-20,new_trigger,23.84,21.93,29.56,0.03551318424861975,1.4330629087948796,2025-12-03 13:21:10,
243,FPF,ADDED,2025-10-20,new_trigger,23.84,21.93,29.56,0.03551318424861975,1.4330629087948796,2025-12-03 13:21:10,
244,FRMI,ADDED,2025-10-20,new_trigger,23.84,21.93,29.56,0.03551318424861975,1.4330629087948796,2025-12-03 13:21:10,
245,FROG,ADDED,2025-10-20,new_trigger,23.84,21.93,29.56,0.03551318424861975,1.4330629087948796,2025-12-03 13:21:10,
246,FRGE,ADDED,2025-10-20,new_trigger,23.84,21.93,29.56,0.03551318424861975,1.4330629087948796,2025-12-03 13:21:10,
247,KRUS,ADDED,2025-10-20,new_trigger,17.7,16.28,21.95,0.026366752695961906,2.5567656968918526,2025-12-03 13:21:10,
248,KROS,ADDED,2025-10-20,new_trigger,17.7,16.28,21.95,0.026366752695961906,2.5567656968918526,2025-12-03 13:21:10,
249,KRP,ADDED,2025-10-20,new_trigger,17.7,16.28,21.95,0.026366752695961906,2.5567656968918526,2025-12-03 13:21:10,
250,NKTR,ADDED,2025-10-20,new_trigger,62.99,57.95,78.11,0.09383286581839345,1.6263844061083792,2025-12-03 13:21:10,
251,SSYS,ADDED,2025-10-20,new_trigger,12.44,11.44,15.43,0.018531207815573266,2.529868045649073,2025-12-03 13:21:10,
252,USFD,ADDED,2025-10-20,new_trigger,23.05,21.21,28.58,0.03433636177000683,1.5824043386562217,2025-12-03 13:21:10,
253,CMC,ADDED,2025-10-21,new_trigger,61.87,56.92,76.72,0.09216135347684189,1.9639870168686324,2025-12-03 13:21:40,
254,GE,ADDED,2025-10-21,new_trigger,306.63,282.1,380.22,0.4567772719978288,1.6528994666766268,2025-12-03 13:21:40,
255,MMM,ADDED,2025-10-21,new_trigger,165.93,152.65,205.75,0.2471763658672636,2.4855016375542136,2025-12-03 13:21:40,
256,RTX,ADDED,2025-10-21,new_trigger,172.36,158.57,213.72,0.2567575646127192,2.761988788257634,2025-12-03 13:21:40,
257,STLD,ADDED,2025-10-21,new_trigger,153.82,141.51,190.74,0.22914092621527737,2.22385648790669,2025-12-03 13:21:40,
258,RKLB,REMOVED,2025-10-21,trend_broken,,,,,,2025-12-03 13:21:41,
259,RGLD,REMOVED,2025-10-21,trend_broken,,,,,,2025-12-03 13:21:41,
260,NRDS,REMOVED,2025-10-21,trend_broken,,,,,,2025-12-03 13:21:41,
261,DGX,REMOVED,2025-10-21,trend_broken,,,,,,2025-12-03 13:21:41,
262,BLK,REMOVED,2025-10-21,trend_broken,,,,,,2025-12-03 13:21:41,
263,APH,ADDED,2025-10-22,new_trigger,128.93,118.62,159.87,0.19306677902448854,2.6369166182202863,2025-12-03 13:22:15,
264,HCSG,ADDED,2025-10-22,new_trigger,18.85,17.34,23.37,0.0282270151632791,2.6786708584253494,2025-12-03 13:22:15,
265,HPP,ADDED,2025-10-22,new_trigger,274.9,252.91,340.88,0.4116560424851491,1.937262677859922,2025-12-03 13:22:15,
266,HRTG,ADDED,2025-10-22,new_trigger,274.9,252.91,340.88,0.4116560424851491,1.937262677859922,2025-12-03 13:22:15,
267,HQY,ADDED,2025-10-22,new_trigger,274.9,252.91,340.88,0.4116560424851491,1.937262677859922,2025-12-03 13:22:15,
268,HRMY,ADDED,2025-10-22,new_trigger,274.9,252.91,340.88,0.4116560424851491,1.937262677859922,2025-12-03 13:22:15,
269,HROW,ADDED,2025-10-22,new_trigger,274.9,252.91,340.88,0.4116560424851491,1.937262677859922,2025-12-03 13:22:15,
270,PEGA,ADDED,2025-10-22,new_trigger,65.59,60.34,81.33,0.09821802566163691,3.787166751015649,2025-12-03 13:22:15,
271,TRVI,ADDED,2025-10-22,new_trigger,69.91,64.32,86.69,0.10468703944298792,3.5416827509534765,2025-12-03 13:22:15,
272,TSLA,ADDED,2025-10-22,new_trigger,69.91,64.32,86.69,0.10468703944298792,3.5416827509534765,2025-12-03 13:22:15,
273,TTAN,ADDED,2025-10-22,new_trigger,69.91,64.32,86.69,0.10468703944298792,3.5416827509534765,2025-12-03 13:22:15,
274,TRU,ADDED,2025-10-22,new_trigger,69.91,64.32,86.69,0.10468703944298792,3.5416827509534765,2025-12-03 13:22:15,
275,TRTX,ADDED,2025-10-22,new_trigger,69.91,64.32,86.69,0.10468703944298792,3.5416827509534765,2025-12-03 13:22:15,
276,TRUP,ADDED,2025-10-22,new_trigger,69.91,64.32,86.69,0.10468703944298792,3.5416827509534765,2025-12-03 13:22:15,
277,OMCL,REMOVED,2025-10-22,trend_broken,,,,,,2025-12-03 13:22:15,
278,OMER,REMOVED,2025-10-22,trend_broken,,,,,,2025-12-03 13:22:15,
279,CCRN,REMOVED,2025-10-22,trend_broken,,,,,,2025-12-03 13:22:15,
280,AMSC,REMOVED,2025-10-22,trend_broken,,,,,,2025-12-03 13:22:15,
281,CDRE,REMOVED,2025-10-22,trend_broken,,,,,,2025-12-03 13:22:15,
282,CDW,REMOVED,2025-10-22,trend_broken,,,,,,2025-12-03 13:22:15,
283,CE,REMOVED,2025-10-22,trend_broken,,,,,,2025-12-03 13:22:15,
284,COMP,REMOVED,2025-10-22,trend_broken,,,,,,2025-12-03 13:22:15,
285,CORT,REMOVED,2025-10-22,trend_broken,,,,,,2025-12-03 13:22:15,
286,OMF,REMOVED,2025-10-22,trend_broken,,,,,,2025-12-03 13:22:15,
287,CDNA,REMOVED,2025-10-22,trend_broken,,,,,,2025-12-03 13:22:15,
288,OMDA,REMOVED,2025-10-22,trend_broken,,,,,,2025-12-03 13:22:15,
289,LEU,REMOVED,2025-10-22,trend_broken,,,,,,2025-12-03 13:22:15,
290,CDTX,REMOVED,2025-10-22,trend_broken,,,,,,2025-12-03 13:22:15,
291,CELC,REMOVED,2025-10-22,trend_broken,,,,,,2025-12-03 13:22:15,
292,ON,REMOVED,2025-10-22,trend_broken,,,,,,2025-12-03 13:22:15,
293,CEG,REMOVED,2025-10-22,trend_broken,,,,,,2025-12-03 13:22:15,
294,OMAH,REMOVED,2025-10-22,trend_broken,,,,,,2025-12-03 13:22:15,
295,ATRC,REMOVED,2025-10-22,trend_broken,,,,,,2025-12-03 13:22:15,
296,COMM,REMOVED,2025-10-22,trend_broken,,,,,,2025-12-03 13:22:15,
297,ATXS,REMOVED,2025-10-22,trend_broken,,,,,,2025-12-03 13:22:15,
298,ATI,ADDED,2025-10-23,new_trigger,89.55,82.39,111.04,0.1333065406543053,1.7907081921306478,2025-12-03 13:22:52,
299,CACI,ADDED,2025-10-23,new_trigger,584.57,537.8,724.87,0.8702066196649209,3.4543644377882536,2025-12-03 13:22:52,
300,CRS,ADDED,2025-10-23,new_trigger,300.27,276.25,372.33,0.44698997357469245,4.2822853956665305,2025-12-03 13:22:52,
301,OSK,ADDED,2025-10-23,new_trigger,139.33,128.18,172.77,0.20740631845057783,1.5031765239751929,2025-12-03 13:22:52,
302,SR,ADDED,2025-10-23,new_trigger,88.41,81.34,109.63,0.13160950693232745,2.1384035412880356,2025-12-03 13:22:52,
303,TEX,ADDED,2025-10-23,new_trigger,56.61,52.08,70.2,0.08427118499387068,1.7542895647823333,2025-12-03 13:22:52,
304,TPH,ADDED,2025-10-23,new_trigger,128.91,118.6,159.85,0.1918988951234023,1.5047852739307357,2025-12-03 13:22:52,
305,TPG,ADDED,2025-10-23,new_trigger,128.91,118.6,159.85,0.1918988951234023,1.5047852739307357,2025-12-03 13:22:52,
306,TRDA,ADDED,2025-10-23,new_trigger,128.91,118.6,159.85,0.1918988951234023,1.5047852739307357,2025-12-03 13:22:52,
307,TPR,ADDED,2025-10-23,new_trigger,128.91,118.6,159.85,0.1918988951234023,1.5047852739307357,2025-12-03 13:22:52,
308,TNL,ADDED,2025-10-23,new_trigger,128.91,118.6,159.85,0.1918988951234023,1.5047852739307357,2025-12-03 13:22:52,
309,WWD,ADDED,2025-10-23,new_trigger,263.51,242.42,326.75,0.3922610392258268,1.384924348775542,2025-12-03 13:22:52,
310,TIC,REMOVED,2025-10-23,trend_broken,,,,,,2025-12-03 13:22:52,
311,HRMY,REMOVED,2025-10-23,trend_broken,,,,,,2025-12-03 13:22:52,
312,HQY,REMOVED,2025-10-23,trend_broken,,,,,,2025-12-03 13:22:52,
313,HROW,REMOVED,2025-10-23,trend_broken,,,,,,2025-12-03 13:22:52,
314,HPP,REMOVED,2025-10-23,trend_broken,,,,,,2025-12-03 13:22:52,
315,HRTG,REMOVED,2025-10-23,trend_broken,,,,,,2025-12-03 13:22:52,
316,ADX,ADDED,2025-10-24,new_trigger,22.52,20.71,27.92,0.0332455358719993,1.4459639619999496,2025-12-03 13:23:24,
317,AXTI,ADDED,2025-10-24,new_trigger,6.06,5.58,7.51,0.00894795118904325,3.2884352508477392,2025-12-03 13:23:24,
318,COHR,ADDED,2025-10-24,new_trigger,129.34,118.99,160.38,0.19097821533833978,1.4613744727061215,2025-12-03 13:23:24,
319,F,ADDED,2025-10-24,new_trigger,13.68,12.59,16.97,0.020201946721828568,3.292348100534748,2025-12-03 13:23:24,
320,FIX,ADDED,2025-10-24,new_trigger,981.05,902.57,1216.51,1.4485858228647563,2.6853142568281734,2025-12-03 13:23:24,
321,GD,ADDED,2025-10-24,new_trigger,350.77,322.71,434.95,0.5179328003154993,2.0891961275186364,2025-12-03 13:23:24,
322,HNGE,ADDED,2025-10-24,new_trigger,447.04,411.28,554.33,0.6600812233959718,2.2401752359611384,2025-12-03 13:23:24,
323,IBM,ADDED,2025-10-24,new_trigger,305.77,281.31,379.16,0.4514936557683878,3.2862186007021554,2025-12-03 13:23:24,
324,INTC,ADDED,2025-10-24,new_trigger,38.28,35.22,47.47,0.056522700301656514,1.8658241181099533,2025-12-03 13:23:24,
325,THC,ADDED,2025-10-24,new_trigger,210.38,193.55,260.87,0.3106386192437246,1.6544450606598733,2025-12-03 13:23:24,
326,UHS,ADDED,2025-10-24,new_trigger,210.51,193.67,261.03,0.3108261857537952,1.4519972659593465,2025-12-03 13:23:24,
327,VLY,ADDED,2025-10-24,new_trigger,10.98,10.1,13.62,0.016212623908802258,1.4866735828658715,2025-12-03 13:23:24,
328,TRIN,REMOVED,2025-10-24,trend_broken,,,,,,2025-12-03 13:23:24,
329,AMKR,ADDED,2025-10-27,new_trigger,33.18,30.53,41.14,0.048420992320992694,1.98866449274884,2025-12-03 13:24:56,
330,GBTG,ADDED,2025-10-27,new_trigger,184.69,169.92,229.02,0.26953329446265656,1.9777227579472672,2025-12-03 13:24:56,
331,GCMG,ADDED,2025-10-27,new_trigger,184.69,169.92,229.02,0.26953329446265656,1.9777227579472672,2025-12-03 13:24:56,
332,GLW,ADDED,2025-10-27,new_trigger,89.07,81.94,110.44,0.12997806755018182,1.4986376021798364,2025-12-03 13:24:56,
333,INCY,ADDED,2025-10-27,new_trigger,93.08,85.63,115.42,0.1358356242448988,2.130823485115052,2025-12-03 13:24:56,
334,KRG,ADDED,2025-10-27,new_trigger,27.07,24.9,33.57,0.039504407332627174,1.5309143195466464,2025-12-03 13:24:56,
335,RMBS,ADDED,2025-10-27,new_trigger,113.61,104.52,140.88,0.16579592876868313,2.2614474229024584,2025-12-03 13:24:56,
336,ROST,ADDED,2025-10-27,new_trigger,160.73,147.87,199.31,0.2345601512144147,1.4156257635496883,2025-12-03 13:24:56,
337,RPD,ADDED,2025-10-27,new_trigger,70.0,64.4,86.8,0.10215399129881148,17.41659807387493,2025-12-03 13:24:56,
338,RPRX,ADDED,2025-10-27,new_trigger,70.0,64.4,86.8,0.10215399129881148,17.41659807387493,2025-12-03 13:24:56,
339,ROKU,ADDED,2025-10-27,new_trigger,70.0,64.4,86.8,0.10215399129881148,17.41659807387493,2025-12-03 13:24:56,
340,V,ADDED,2025-10-27,new_trigger,20.85,19.18,25.85,0.03042729653641249,1.5244305729842587,2025-12-03 13:24:56,
341,VAC,ADDED,2025-10-27,new_trigger,20.85,19.18,25.85,0.03042729653641249,1.5244305729842587,2025-12-03 13:24:56,
342,VC,ADDED,2025-10-27,new_trigger,20.85,19.18,25.85,0.03042729653641249,1.5244305729842587,2025-12-03 13:24:56,
343,WOLF,ADDED,2025-10-27,new_trigger,130.66,120.21,162.02,0.19067772681716852,1.6381833632329337,2025-12-03 13:24:56,
344,WMT,REMOVED,2025-10-27,trend_broken,,,,,,2025-12-03 13:24:56,
345,MSFT,ADDED,2025-10-28,new_trigger,541.06,497.77,670.91,0.7874965431977906,1.5266297662538288,2025-12-03 13:25:27,
346,NUE,ADDED,2025-10-28,new_trigger,151.99,139.83,188.47,0.22121795190121235,2.1374549292058744,2025-12-03 13:25:27,
347,NVDA,ADDED,2025-10-28,new_trigger,201.03,184.95,249.28,0.2925945324915422,1.6446090645579021,2025-12-03 13:25:27,
348,STT,ADDED,2025-10-28,new_trigger,118.68,109.19,147.16,0.1727360066470098,1.673908645700751,2025-12-03 13:25:27,
349,TEI,ADDED,2025-10-28,new_trigger,6.44,5.93,7.99,0.009375199740538845,1.4843919593626536,2025-12-03 13:25:27,
350,WFRD,ADDED,2025-10-28,new_trigger,106.52,98.0,132.08,0.1550374014228389,4.404535309203408,2025-12-03 13:25:27,
351,WEX,ADDED,2025-10-28,new_trigger,106.52,98.0,132.08,0.1550374014228389,4.404535309203408,2025-12-03 13:25:27,
352,WES,ADDED,2025-10-28,new_trigger,106.52,98.0,132.08,0.1550374014228389,4.404535309203408,2025-12-03 13:25:27,
353,CUK,REMOVED,2025-10-28,trend_broken,,,,,,2025-12-03 13:25:28,
354,ADM,REMOVED,2025-10-28,trend_broken,,,,,,2025-12-03 13:25:28,
355,CMI,ADDED,2025-10-29,new_trigger,439.36,404.21,544.81,0.6391755410444746,1.8823607173460932,2025-12-03 13:26:04,
356,CSGS,ADDED,2025-10-29,new_trigger,78.68,72.39,97.56,0.11446194828043335,10.606872424416727,2025-12-03 13:26:04,
357,GNRC,ADDED,2025-10-29,new_trigger,72.27,66.49,89.61,0.10513681476741929,2.0398674481172314,2025-12-03 13:26:04,
358,GNL,ADDED,2025-10-29,new_trigger,72.27,66.49,89.61,0.10513681476741929,2.0398674481172314,2025-12-03 13:26:04,
359,GNK,ADDED,2025-10-29,new_trigger,72.27,66.49,89.61,0.10513681476741929,2.0398674481172314,2025-12-03 13:26:04,
360,GMED,ADDED,2025-10-29,new_trigger,72.27,66.49,89.61,0.10513681476741929,2.0398674481172314,2025-12-03 13:26:04,
361,GOF,ADDED,2025-10-29,new_trigger,72.27,66.49,89.61,0.10513681476741929,2.0398674481172314,2025-12-03 13:26:04,
362,GO,ADDED,2025-10-29,new_trigger,72.27,66.49,89.61,0.10513681476741929,2.0398674481172314,2025-12-03 13:26:04,
363,GOGO,ADDED,2025-10-29,new_trigger,72.27,66.49,89.61,0.10513681476741929,2.0398674481172314,2025-12-03 13:26:04,
364,GNW,ADDED,2025-10-29,new_trigger,72.27,66.49,89.61,0.10513681476741929,2.0398674481172314,2025-12-03 13:26:04,
365,HUBB,ADDED,2025-10-29,new_trigger,471.0,433.32,584.04,0.6852061205104013,2.3613374032928474,2025-12-03 13:26:04,
366,ITT,ADDED,2025-10-29,new_trigger,195.1,179.49,241.92,0.28382350407975426,2.7781651032075354,2025-12-03 13:26:04,
367,KLAC,ADDED,2025-10-29,new_trigger,1233.21,1134.55,1529.18,1.7940483731506052,1.5083741303787683,2025-12-03 13:26:04,
368,MNPR,ADDED,2025-10-29,new_trigger,29.75,27.37,36.89,0.04327965109475078,2.277531004456301,2025-12-03 13:26:04,
369,MNKD,ADDED,2025-10-29,new_trigger,29.75,27.37,36.89,0.04327965109475078,2.277531004456301,2025-12-03 13:26:04,
370,NPKI,ADDED,2025-10-29,new_trigger,13.66,12.57,16.94,0.01987226982690235,1.5829370861590695,2025-12-03 13:26:04,
371,PWR,ADDED,2025-10-29,new_trigger,448.69,412.79,556.38,0.6527444287518298,1.947415246977419,2025-12-03 13:26:04,
372,SYM,ADDED,2025-10-29,new_trigger,55.68,51.23,69.04,0.08100204995507981,3.1931623177050286,2025-12-03 13:26:04,
373,TARS,ADDED,2025-10-29,new_trigger,55.68,51.23,69.04,0.08100204995507981,3.1931623177050286,2025-12-03 13:26:04,
374,SYRE,ADDED,2025-10-29,new_trigger,55.68,51.23,69.04,0.08100204995507981,3.1931623177050286,2025-12-03 13:26:04,
375,TASK,ADDED,2025-10-29,new_trigger,55.68,51.23,69.04,0.08100204995507981,3.1931623177050286,2025-12-03 13:26:04,
376,SYF,ADDED,2025-10-29,new_trigger,55.68,51.23,69.04,0.08100204995507981,3.1931623177050286,2025-12-03 13:26:04,
377,SXC,ADDED,2025-10-29,new_trigger,55.68,51.23,69.04,0.08100204995507981,3.1931623177050286,2025-12-03 13:26:04,
378,TALO,ADDED,2025-10-29,new_trigger,55.68,51.23,69.04,0.08100204995507981,3.1931623177050286,2025-12-03 13:26:04,
379,SYNA,ADDED,2025-10-29,new_trigger,55.68,51.23,69.04,0.08100204995507981,3.1931623177050286,2025-12-03 13:26:04,
380,WCC,ADDED,2025-10-29,new_trigger,228.29,210.03,283.08,0.33211130278476725,2.5999509443218054,2025-12-03 13:26:04,
381,NEE,REMOVED,2025-10-29,trend_broken,,,,,,2025-12-03 13:26:05,
382,ROST,REMOVED,2025-10-29,trend_broken,,,,,,2025-12-03 13:26:05,
383,GRMN,REMOVED,2025-10-29,trend_broken,,,,,,2025-12-03 13:26:05,
384,OSK,REMOVED,2025-10-29,trend_broken,,,,,,2025-12-03 13:26:05,
385,CAH,ADDED,2025-10-30,new_trigger,189.84,174.65,235.4,0.2792462697521667,3.0229539698526344,2025-12-03 13:26:39,
386,CHRW,ADDED,2025-10-30,new_trigger,154.88,142.49,192.05,0.22782166275300572,3.243520468694151,2025-12-03 13:26:39,
387,CRC,ADDED,2025-10-30,new_trigger,16.84,15.49,20.88,0.024770898208753823,1.7876263287491718,2025-12-03 13:26:39,
388,CRL,ADDED,2025-10-30,new_trigger,16.84,15.49,20.88,0.024770898208753823,1.7876263287491718,2025-12-03 13:26:39,
389,HCA,ADDED,2025-10-30,new_trigger,281.9,259.35,349.56,0.4146624697497427,2.161200938914325,2025-12-03 13:26:39,
390,JOE,ADDED,2025-10-30,new_trigger,54.7,50.33,67.83,0.08046598751070065,3.1051363667147185,2025-12-03 13:26:39,
391,LGN,ADDED,2025-10-30,new_trigger,31.79,29.25,39.42,0.04676169059379162,1.85918460498466,2025-12-03 13:26:39,
392,MLI,ADDED,2025-10-30,new_trigger,105.42,96.99,130.72,0.15506817221784047,1.300041008346854,2025-12-03 13:26:39,
393,NTCT,ADDED,2025-10-30,new_trigger,28.05,25.81,34.78,0.041260312919300775,1.9878337821674652,2025-12-03 13:26:39,
394,TT,ADDED,2025-10-30,new_trigger,446.37,410.66,553.5,0.6565905945547517,1.8759368662375453,2025-12-03 13:26:39,
395,VTR,ADDED,2025-10-30,new_trigger,74.36,68.41,92.21,0.10938028439618669,2.1167387067337122,2025-12-03 13:26:39,
396,ORGO,REMOVED,2025-10-30,trend_broken,,,,,,2025-12-03 13:26:39,
397,SMLR,REMOVED,2025-10-30,trend_broken,,,,,,2025-12-03 13:26:39,
398,OPEN,REMOVED,2025-10-30,trend_broken,,,,,,2025-12-03 13:26:39,
399,ORC,REMOVED,2025-10-30,trend_broken,,,,,,2025-12-03 13:26:39,
400,OPFI,REMOVED,2025-10-30,trend_broken,,,,,,2025-12-03 13:26:39,
401,SSYS,REMOVED,2025-10-30,trend_broken,,,,,,2025-12-03 13:26:39,
402,SMPL,REMOVED,2025-10-30,trend_broken,,,,,,2025-12-03 13:26:39,
403,ITRI,REMOVED,2025-10-30,trend_broken,,,,,,2025-12-03 13:26:39,
404,ORA,REMOVED,2025-10-30,trend_broken,,,,,,2025-12-03 13:26:39,
405,TEX,REMOVED,2025-10-30,trend_broken,,,,,,2025-12-03 13:26:39,
406,CSCO,ADDED,2025-10-31,new_trigger,73.11,67.26,90.66,0.10718998456447507,1.3348205692691701,2025-12-03 13:27:17,
407,CTOS,ADDED,2025-10-31,new_trigger,8.04,7.4,9.97,0.01178781923970308,2.1699956503427944,2025-12-03 13:27:17,
408,DCI,ADDED,2025-10-31,new_trigger,84.25,77.51,104.47,0.12352285766878204,1.8065828693992776,2025-12-03 13:27:17,
409,EMR,ADDED,2025-10-31,new_trigger,138.97,127.85,172.32,0.20374602087129237,1.6836401979309332,2025-12-03 13:27:17,
410,EXR,ADDED,2025-10-31,new_trigger,14.46,13.3,17.93,0.021199925932030895,1.3332367623462293,2025-12-03 13:27:17,
411,HCC,ADDED,2025-10-31,new_trigger,56.21,51.71,69.7,0.08241210345962831,2.210157898598903,2025-12-03 13:27:17,
412,HBNC,ADDED,2025-10-31,new_trigger,56.21,51.71,69.7,0.08241210345962831,2.210157898598903,2025-12-03 13:27:17,
413,HLI,ADDED,2025-10-31,new_trigger,67.77,62.35,84.04,0.0993655094542031,1.3229798059106184,2025-12-03 13:27:17,
414,HLF,ADDED,2025-10-31,new_trigger,67.77,62.35,84.04,0.0993655094542031,1.3229798059106184,2025-12-03 13:27:17,
415,INVH,ADDED,2025-10-31,new_trigger,22.88,21.05,28.37,0.03353969925021953,2.546019058529473,2025-12-03 13:27:17,
416,LGND,ADDED,2025-10-31,new_trigger,191.31,176.01,237.22,0.2804885174960856,2.121567889064871,2025-12-03 13:27:17,
417,LNC,ADDED,2025-10-31,new_trigger,42.0,38.64,52.08,0.06157816049957087,1.385712675120307,2025-12-03 13:27:17,
418,NMCO,ADDED,2025-10-31,new_trigger,253.3,233.04,314.09,0.3713749581538794,3.982514580981562,2025-12-03 13:27:17,
419,OSIS,ADDED,2025-10-31,new_trigger,278.46,256.18,345.29,0.408263191584046,4.146231576237369,2025-12-03 13:27:17,
420,FRA,REMOVED,2025-10-31,trend_broken,,,,,,2025-12-03 13:27:17,
421,LGN,REMOVED,2025-10-31,trend_broken,,,,,,2025-12-03 13:27:17,
422,FPF,REMOVED,2025-10-31,trend_broken,,,,,,2025-12-03 13:27:17,
423,FROG,REMOVED,2025-10-31,trend_broken,,,,,,2025-12-03 13:27:17,
424,FRGE,REMOVED,2025-10-31,trend_broken,,,,,,2025-12-03 13:27:17,
425,FOXF,REMOVED,2025-10-31,trend_broken,,,,,,2025-12-03 13:27:17,
426,FPI,REMOVED,2025-10-31,trend_broken,,,,,,2025-12-03 13:27:17,
427,FRMI,REMOVED,2025-10-31,trend_broken,,,,,,2025-12-03 13:27:17,
428,IDA,REMOVED,2025-10-31,trend_broken,,,,,,2025-12-03 13:27:17,
429,AMG,ADDED,2025-11-03,new_trigger,256.55,236.03,318.12,0.37543577558206204,3.204017058742606,2025-12-03 13:28:54,
430,IDCC,ADDED,2025-11-03,new_trigger,396.54,364.82,491.71,0.5802967672912169,1.7044094046921567,2025-12-03 13:28:54,
431,IDXX,ADDED,2025-11-03,new_trigger,722.94,665.1,896.45,1.057950616134935,3.69914459519344,2025-12-03 13:28:54,
432,LUMN,ADDED,2025-11-03,new_trigger,11.83,10.88,14.67,0.017312025432117975,2.132235638737337,2025-12-03 13:28:54,
433,MD,ADDED,2025-11-03,new_trigger,21.08,19.39,26.14,0.03084847820302589,3.8131240393267447,2025-12-03 13:28:54,
434,TIC,ADDED,2025-11-03,new_trigger,14.03,12.91,17.4,0.020531505812023267,16.982486520209438,2025-12-03 13:28:54,
435,CMC,REMOVED,2025-11-03,trend_broken,,,,,,2025-12-03 13:28:55,
436,SUPN,REMOVED,2025-11-03,trend_broken,,,,,,2025-12-03 13:28:55,
437,PZZA,REMOVED,2025-11-03,trend_broken,,,,,,2025-12-03 13:28:55,
438,EXPD,ADDED,2025-11-04,new_trigger,135.02,124.22,167.42,0.19995639571144952,3.9855595785045774,2025-12-03 13:29:25,
439,MCK,ADDED,2025-11-04,new_trigger,840.89,773.62,1042.7,1.245315341080627,1.3506611429544293,2025-12-03 13:29:25,
440,ROL,ADDED,2025-11-04,new_trigger,59.43,54.68,73.7,0.08801884719444729,1.607938101957195,2025-12-03 13:29:25,
441,LNC,REMOVED,2025-11-04,trend_broken,,,,,,2025-12-03 13:29:25,
442,GCMG,REMOVED,2025-11-04,trend_broken,,,,,,2025-12-03 13:29:25,
443,SSRM,REMOVED,2025-11-04,trend_broken,,,,,,2025-12-03 13:29:25,
444,GBTG,REMOVED,2025-11-04,trend_broken,,,,,,2025-12-03 13:29:25,
445,CON,REMOVED,2025-11-04,trend_broken,,,,,,2025-12-03 13:29:25,
446,MOD,REMOVED,2025-11-04,trend_broken,,,,,,2025-12-03 13:29:25,
447,NWE,REMOVED,2025-11-04,trend_broken,,,,,,2025-12-03 13:29:25,
448,NVST,REMOVED,2025-11-04,trend_broken,,,,,,2025-12-03 13:29:25,
449,ALEX,ADDED,2025-11-05,new_trigger,15.53,14.29,19.26,0.022919801855537884,2.8999173632246196,2025-12-03 13:30:02,
450,ALGM,ADDED,2025-11-05,new_trigger,15.53,14.29,19.26,0.022919801855537884,2.8999173632246196,2025-12-03 13:30:02,
451,ALGN,ADDED,2025-11-05,new_trigger,15.53,14.29,19.26,0.022919801855537884,2.8999173632246196,2025-12-03 13:30:02,
452,AORT,ADDED,2025-11-05,new_trigger,46.51,42.79,57.67,0.06864133703542531,1.3580272539516154,2025-12-03 13:30:02,
453,COR,ADDED,2025-11-05,new_trigger,353.42,325.15,438.24,0.5215897514842853,2.50662756471184,2025-12-03 13:30:02,
454,CVGW,ADDED,2025-11-05,new_trigger,21.92,20.17,27.18,0.03235042286288006,2.734111359275705,2025-12-03 13:30:02,
455,CURB,ADDED,2025-11-05,new_trigger,21.92,20.17,27.18,0.03235042286288006,2.734111359275705,2025-12-03 13:30:02,
456,CVI,ADDED,2025-11-05,new_trigger,21.92,20.17,27.18,0.03235042286288006,2.734111359275705,2025-12-03 13:30:02,
457,CUBE,ADDED,2025-11-05,new_trigger,21.92,20.17,27.18,0.03235042286288006,2.734111359275705,2025-12-03 13:30:02,
458,CVCO,ADDED,2025-11-05,new_trigger,21.92,20.17,27.18,0.03235042286288006,2.734111359275705,2025-12-03 13:30:02,
459,FCFS,ADDED,2025-11-05,new_trigger,161.75,148.81,200.57,0.2387155269783617,1.4309840271242378,2025-12-03 13:30:02,
460,JCI,ADDED,2025-11-05,new_trigger,120.86,111.19,149.87,0.17837007816351544,3.2789948866634124,2025-12-03 13:30:02,
461,NBIX,ADDED,2025-11-05,new_trigger,153.75,141.45,190.65,0.22691046979269683,3.1897128313818146,2025-12-03 13:30:02,
462,SMPL,ADDED,2025-11-05,new_trigger,8.51,7.83,10.55,0.012559402600790472,5.5791806672205935,2025-12-03 13:30:02,
463,SMLR,ADDED,2025-11-05,new_trigger,8.51,7.83,10.55,0.012559402600790472,5.5791806672205935,2025-12-03 13:30:02,
464,UE,ADDED,2025-11-05,new_trigger,42.36,38.97,52.53,0.06251660252952064,3.813441676659651,2025-12-03 13:30:02,
465,UEC,ADDED,2025-11-05,new_trigger,42.36,38.97,52.53,0.06251660252952064,3.813441676659651,2025-12-03 13:30:02,
466,ULS,ADDED,2025-11-05,new_trigger,42.36,38.97,52.53,0.06251660252952064,3.813441676659651,2025-12-03 13:30:02,
467,ULTA,ADDED,2025-11-05,new_trigger,42.36,38.97,52.53,0.06251660252952064,3.813441676659651,2025-12-03 13:30:02,
468,PTY,REMOVED,2025-11-05,trend_broken,,,,,,2025-12-03 13:30:03,
469,PTRN,REMOVED,2025-11-05,trend_broken,,,,,,2025-12-03 13:30:03,
470,SYNA,REMOVED,2025-11-05,trend_broken,,,,,,2025-12-03 13:30:03,
471,SYRE,REMOVED,2025-11-05,trend_broken,,,,,,2025-12-03 13:30:03,
472,PUBM,REMOVED,2025-11-05,trend_broken,,,,,,2025-12-03 13:30:03,
473,PTCT,REMOVED,2025-11-05,trend_broken,,,,,,2025-12-03 13:30:03,
474,EMR,REMOVED,2025-11-05,trend_broken,,,,,,2025-12-03 13:30:03,
475,MSFT,REMOVED,2025-11-05,trend_broken,,,,,,2025-12-03 13:30:03,
476,TALO,REMOVED,2025-11-05,trend_broken,,,,,,2025-12-03 13:30:03,
477,SYF,REMOVED,2025-11-05,trend_broken,,,,,,2025-12-03 13:30:03,
478,TASK,REMOVED,2025-11-05,trend_broken,,,,,,2025-12-03 13:30:03,
479,TARS,REMOVED,2025-11-05,trend_broken,,,,,,2025-12-03 13:30:03,
480,SYM,REMOVED,2025-11-05,trend_broken,,,,,,2025-12-03 13:30:03,
481,HBNC,REMOVED,2025-11-05,trend_broken,,,,,,2025-12-03 13:30:03,
482,SXC,REMOVED,2025-11-05,trend_broken,,,,,,2025-12-03 13:30:03,
483,PTLO,REMOVED,2025-11-05,trend_broken,,,,,,2025-12-03 13:30:03,
484,HCC,REMOVED,2025-11-05,trend_broken,,,,,,2025-12-03 13:30:03,
485,KTOS,REMOVED,2025-11-05,trend_broken,,,,,,2025-12-03 13:30:03,
486,AMRX,ADDED,2025-11-06,new_trigger,90.62,83.37,112.37,0.13519118479008016,1.8226116291055616,2025-12-03 13:30:38,
487,DSGN,ADDED,2025-11-06,new_trigger,38.97,35.85,48.32,0.058135284277266844,1.3400005764187106,2025-12-03 13:30:38,
488,MATV,ADDED,2025-11-06,new_trigger,12.74,11.72,15.8,0.019004487958825603,1.9169939786727592,2025-12-03 13:30:38,
489,MASI,ADDED,2025-11-06,new_trigger,21.25,19.55,26.35,0.031701750052060766,2.452635111244848,2025-12-03 13:30:38,
490,MDU,ADDED,2025-11-06,new_trigger,20.62,18.97,25.57,0.03076188765546637,2.777025185565192,2025-12-03 13:30:38,
491,MKSI,ADDED,2025-11-06,new_trigger,155.01,142.61,192.22,0.23125541607226643,1.6329922879260836,2025-12-03 13:30:38,
492,NYT,ADDED,2025-11-06,new_trigger,59.98,55.18,74.38,0.08948098605226801,1.64505146547607,2025-12-03 13:30:38,
493,PH,ADDED,2025-11-06,new_trigger,832.35,765.76,1032.11,1.2417389560840253,3.113603988603989,2025-12-03 13:30:38,
494,ROK,ADDED,2025-11-06,new_trigger,371.14,341.45,460.21,0.5536795874183316,2.7692997246707787,2025-12-03 13:30:38,
495,SLAB,ADDED,2025-11-06,new_trigger,88.82,81.72,110.14,0.1325093952947632,2.455667286814403,2025-12-03 13:30:38,
496,SLDB,ADDED,2025-11-06,new_trigger,88.82,81.72,110.14,0.1325093952947632,2.455667286814403,2025-12-03 13:30:38,
497,UEC,REMOVED,2025-11-06,trend_broken,,,,,,2025-12-03 13:30:38,
498,AMRK,REMOVED,2025-11-06,trend_broken,,,,,,2025-12-03 13:30:38,
499,ARES,REMOVED,2025-11-06,trend_broken,,,,,,2025-12-03 13:30:38,
500,MNST,REMOVED,2025-11-06,trend_broken,,,,,,2025-12-03 13:30:38,
501,INVH,REMOVED,2025-11-06,trend_broken,,,,,,2025-12-03 13:30:38,
502,ARMK,REMOVED,2025-11-06,trend_broken,,,,,,2025-12-03 13:30:38,
503,ULTA,REMOVED,2025-11-06,trend_broken,,,,,,2025-12-03 13:30:38,
504,UE,REMOVED,2025-11-06,trend_broken,,,,,,2025-12-03 13:30:38,
505,AMTM,REMOVED,2025-11-06,trend_broken,,,,,,2025-12-03 13:30:38,
506,ROL,REMOVED,2025-11-06,trend_broken,,,,,,2025-12-03 13:30:38,
507,ARHS,REMOVED,2025-11-06,trend_broken,,,,,,2025-12-03 13:30:38,
508,MRCY,REMOVED,2025-11-06,trend_broken,,,,,,2025-12-03 13:30:38,
509,ULS,REMOVED,2025-11-06,trend_broken,,,,,,2025-12-03 13:30:38,
510,ARLO,REMOVED,2025-11-06,trend_broken,,,,,,2025-12-03 13:30:38,
511,AVGO,ADDED,2025-11-07,new_trigger,47.85,44.02,59.33,0.07130839374659106,2.6990472751837316,2025-12-03 13:31:13,
512,AVBP,ADDED,2025-11-07,new_trigger,47.85,44.02,59.33,0.07130839374659106,2.6990472751837316,2025-12-03 13:31:13,
513,CINF,ADDED,2025-11-07,new_trigger,164.64,151.47,204.15,0.2453761070962958,1.356898740357387,2025-12-03 13:31:13,
514,DXCM,ADDED,2025-11-07,new_trigger,7.56,6.96,9.37,0.01126727018029919,6.146493709158295,2025-12-03 13:31:13,
515,FOXF,ADDED,2025-11-07,new_trigger,26.36,24.25,32.69,0.03928640887270753,3.4738722415001453,2025-12-03 13:31:13,
516,FPI,ADDED,2025-11-07,new_trigger,26.36,24.25,32.69,0.03928640887270753,3.4738722415001453,2025-12-03 13:31:13,
517,FRA,ADDED,2025-11-07,new_trigger,26.36,24.25,32.69,0.03928640887270753,3.4738722415001453,2025-12-03 13:31:13,
518,FPF,ADDED,2025-11-07,new_trigger,26.36,24.25,32.69,0.03928640887270753,3.4738722415001453,2025-12-03 13:31:13,
519,FRMI,ADDED,2025-11-07,new_trigger,26.36,24.25,32.69,0.03928640887270753,3.4738722415001453,2025-12-03 13:31:13,
520,FROG,ADDED,2025-11-07,new_trigger,26.36,24.25,32.69,0.03928640887270753,3.4738722415001453,2025-12-03 13:31:13,
521,FRGE,ADDED,2025-11-07,new_trigger,26.36,24.25,32.69,0.03928640887270753,3.4738722415001453,2025-12-03 13:31:13,
522,MODG,ADDED,2025-11-07,new_trigger,10.6,9.75,13.14,0.015798025014982026,3.150764337007708,2025-12-03 13:31:13,
523,OKLO,ADDED,2025-11-07,new_trigger,65.02,59.82,80.62,0.0969044807995363,2.7733081447392265,2025-12-03 13:31:13,
524,OGN,ADDED,2025-11-07,new_trigger,65.02,59.82,80.62,0.0969044807995363,2.7733081447392265,2025-12-03 13:31:13,
525,OIS,ADDED,2025-11-07,new_trigger,65.02,59.82,80.62,0.0969044807995363,2.7733081447392265,2025-12-03 13:31:13,
526,OGS,ADDED,2025-11-07,new_trigger,65.02,59.82,80.62,0.0969044807995363,2.7733081447392265,2025-12-03 13:31:13,
527,PAYC,ADDED,2025-11-07,new_trigger,20.16,18.55,25.0,0.030046053814131172,4.362255394640099,2025-12-03 13:31:13,
528,PAYO,ADDED,2025-11-07,new_trigger,20.16,18.55,25.0,0.030046053814131172,4.362255394640099,2025-12-03 13:31:13,
529,PBF,ADDED,2025-11-07,new_trigger,20.16,18.55,25.0,0.030046053814131172,4.362255394640099,2025-12-03 13:31:13,
530,PBH,ADDED,2025-11-07,new_trigger,20.16,18.55,25.0,0.030046053814131172,4.362255394640099,2025-12-03 13:31:13,
531,STE,ADDED,2025-11-07,new_trigger,263.77,242.67,327.07,0.3931174277997288,1.4425704567228863,2025-12-03 13:31:13,
532,YELP,ADDED,2025-11-07,new_trigger,125.88,115.81,156.09,0.1876072029074047,1.8549847544217963,2025-12-03 13:31:13,
533,YETI,ADDED,2025-11-07,new_trigger,125.88,115.81,156.09,0.1876072029074047,1.8549847544217963,2025-12-03 13:31:13,
534,MATV,REMOVED,2025-11-07,trend_broken,,,,,,2025-12-03 13:31:14,
535,CURB,REMOVED,2025-11-07,trend_broken,,,,,,2025-12-03 13:31:14,
536,CUBE,REMOVED,2025-11-07,trend_broken,,,,,,2025-12-03 13:31:14,
537,EXR,REMOVED,2025-11-07,trend_broken,,,,,,2025-12-03 13:31:14,
538,CVI,REMOVED,2025-11-07,trend_broken,,,,,,2025-12-03 13:31:14,
539,CVCO,REMOVED,2025-11-07,trend_broken,,,,,,2025-12-03 13:31:14,
540,CVGW,REMOVED,2025-11-07,trend_broken,,,,,,2025-12-03 13:31:14,
541,BKH,ADDED,2025-11-10,new_trigger,70.44,64.81,87.35,0.10337299982543215,2.5743840576579067,2025-12-03 13:32:55,
542,CON,ADDED,2025-11-10,new_trigger,32.46,29.86,40.25,0.04763441971146056,8.642464559928637,2025-12-03 13:32:55,
543,HEI,ADDED,2025-11-10,new_trigger,330.64,304.19,409.99,0.4852078150150389,1.9650640645781483,2025-12-03 13:32:55,
544,HTBK,ADDED,2025-11-10,new_trigger,10.74,9.88,13.32,0.015760741565860225,1.5281367236348478,2025-12-03 13:32:55,
545,SLNO,ADDED,2025-11-10,new_trigger,23.64,21.75,29.31,0.03469124105563663,2.490826882560424,2025-12-03 13:32:55,
546,SMA,ADDED,2025-11-10,new_trigger,23.64,21.75,29.31,0.03469124105563663,2.490826882560424,2025-12-03 13:32:55,
547,SMCI,ADDED,2025-11-10,new_trigger,23.64,21.75,29.31,0.03469124105563663,2.490826882560424,2025-12-03 13:32:55,
548,SLVM,ADDED,2025-11-10,new_trigger,23.64,21.75,29.31,0.03469124105563663,2.490826882560424,2025-12-03 13:32:55,
549,SMTC,ADDED,2025-11-10,new_trigger,75.27,69.25,93.33,0.11045726164210401,2.108011773084014,2025-12-03 13:32:55,
550,SLDP,ADDED,2025-11-10,new_trigger,23.64,21.75,29.31,0.03469124105563663,2.490826882560424,2025-12-03 13:32:55,
551,THC,REMOVED,2025-11-10,trend_broken,,,,,,2025-12-03 13:32:56,
552,LHX,ADDED,2025-11-11,new_trigger,300.43,276.39,372.53,0.4398668325488424,1.3951381019699325,2025-12-03 13:33:28,
553,LXU,ADDED,2025-11-11,new_trigger,9.82,9.03,12.18,0.014377744794764596,1.8893533988140674,2025-12-03 13:33:28,
554,MNST,ADDED,2025-11-11,new_trigger,71.91,66.16,89.17,0.10528551048625091,1.3019514206443088,2025-12-03 13:33:28,
555,NVRI,ADDED,2025-11-11,new_trigger,13.53,12.45,16.78,0.01980966285940145,2.971039921282475,2025-12-03 13:33:28,
556,SF,ADDED,2025-11-11,new_trigger,122.03,112.27,151.31,0.1786649377244807,1.7196226650840258,2025-12-03 13:33:28,
557,DNOW,REMOVED,2025-11-11,trend_broken,,,,,,2025-12-03 13:33:29,
558,DNLI,REMOVED,2025-11-11,trend_broken,,,,,,2025-12-03 13:33:29,
559,AXON,REMOVED,2025-11-11,trend_broken,,,,,,2025-12-03 13:33:29,
560,WULF,REMOVED,2025-11-11,trend_broken,,,,,,2025-12-03 13:33:29,
561,DLY,REMOVED,2025-11-11,trend_broken,,,,,,2025-12-03 13:33:29,
562,DMLP,REMOVED,2025-11-11,trend_broken,,,,,,2025-12-03 13:33:29,
563,CENX,REMOVED,2025-11-11,trend_broken,,,,,,2025-12-03 13:33:29,
564,DNA,REMOVED,2025-11-11,trend_broken,,,,,,2025-12-03 13:33:29,
565,DMAC,REMOVED,2025-11-11,trend_broken,,,,,,2025-12-03 13:33:29,
566,EPAC,ADDED,2025-11-12,new_trigger,10.55,9.71,13.09,0.015442761098157657,2.165230931003802,2025-12-03 13:34:04,
567,EOI,ADDED,2025-11-12,new_trigger,10.55,9.71,13.09,0.015442761098157657,2.165230931003802,2025-12-03 13:34:04,
568,EOSE,ADDED,2025-11-12,new_trigger,10.55,9.71,13.09,0.015442761098157657,2.165230931003802,2025-12-03 13:34:04,
569,EPAM,ADDED,2025-11-12,new_trigger,10.55,9.71,13.09,0.015442761098157657,2.165230931003802,2025-12-03 13:34:04,
570,ENTA,ADDED,2025-11-12,new_trigger,10.55,9.71,13.09,0.015442761098157657,2.165230931003802,2025-12-03 13:34:04,
571,ENTG,ADDED,2025-11-12,new_trigger,10.55,9.71,13.09,0.015442761098157657,2.165230931003802,2025-12-03 13:34:04,
572,ENVX,ADDED,2025-11-12,new_trigger,10.55,9.71,13.09,0.015442761098157657,2.165230931003802,2025-12-03 13:34:04,
573,EOLS,ADDED,2025-11-12,new_trigger,10.55,9.71,13.09,0.015442761098157657,2.165230931003802,2025-12-03 13:34:04,
574,GS,ADDED,2025-11-12,new_trigger,838.97,771.85,1040.32,1.227677082602078,1.5113547296536791,2025-12-03 13:34:04,
575,MIR,ADDED,2025-11-12,new_trigger,14.09,12.96,17.47,0.02061810420543995,2.7704871455135183,2025-12-03 13:34:04,
576,NWN,ADDED,2025-11-12,new_trigger,48.13,44.28,59.68,0.07042933759287949,1.371610579328286,2025-12-03 13:34:04,
577,BSTZ,REMOVED,2025-11-12,trend_broken,,,,,,2025-12-03 13:34:04,
578,BRX,REMOVED,2025-11-12,trend_broken,,,,,,2025-12-03 13:34:04,
579,BTU,REMOVED,2025-11-12,trend_broken,,,,,,2025-12-03 13:34:04,
580,LUMN,REMOVED,2025-11-12,trend_broken,,,,,,2025-12-03 13:34:04,
581,BSY,REMOVED,2025-11-12,trend_broken,,,,,,2025-12-03 13:34:04,
582,ALB,ADDED,2025-11-13,new_trigger,114.57,105.4,142.07,0.17048092887438704,1.9251904884208724,2025-12-03 13:34:36,
583,APA,ADDED,2025-11-13,new_trigger,24.69,22.71,30.62,0.03673888658607902,2.6421101172890014,2025-12-03 13:34:36,
584,LB,ADDED,2025-11-13,new_trigger,63.63,58.54,78.9,0.09468186885978125,1.3047991160539743,2025-12-03 13:34:36,
585,ORI,ADDED,2025-11-13,new_trigger,43.45,39.97,53.88,0.06465389289857333,2.403403015272245,2025-12-03 13:34:36,
586,SEE,ADDED,2025-11-13,new_trigger,42.5,39.1,52.7,0.06324028538413941,7.006441225603459,2025-12-03 13:34:36,
587,ENTA,REMOVED,2025-11-13,trend_broken,,,,,,2025-12-03 13:34:37,
588,TPR,REMOVED,2025-11-13,trend_broken,,,,,,2025-12-03 13:34:37,
589,STE,REMOVED,2025-11-13,trend_broken,,,,,,2025-12-03 13:34:37,
590,MTSR,REMOVED,2025-11-13,trend_broken,,,,,,2025-12-03 13:34:37,
591,RBLX,REMOVED,2025-11-13,trend_broken,,,,,,2025-12-03 13:34:37,
592,SLVM,REMOVED,2025-11-13,trend_broken,,,,,,2025-12-03 13:34:37,
593,MNPR,REMOVED,2025-11-13,trend_broken,,,,,,2025-12-03 13:34:37,
594,TRDA,REMOVED,2025-11-13,trend_broken,,,,,,2025-12-03 13:34:37,
595,RAL,REMOVED,2025-11-13,trend_broken,,,,,,2025-12-03 13:34:37,
596,KRG,REMOVED,2025-11-13,trend_broken,,,,,,2025-12-03 13:34:37,
597,YELP,REMOVED,2025-11-13,trend_broken,,,,,,2025-12-03 13:34:37,
598,SMLR,REMOVED,2025-11-13,trend_broken,,,,,,2025-12-03 13:34:37,
599,EOI,REMOVED,2025-11-13,trend_broken,,,,,,2025-12-03 13:34:37,
600,EOSE,REMOVED,2025-11-13,trend_broken,,,,,,2025-12-03 13:34:37,
601,ENVX,REMOVED,2025-11-13,trend_broken,,,,,,2025-12-03 13:34:37,
602,ENTG,REMOVED,2025-11-13,trend_broken,,,,,,2025-12-03 13:34:37,
603,SLDP,REMOVED,2025-11-13,trend_broken,,,,,,2025-12-03 13:34:37,
604,PEGA,REMOVED,2025-11-13,trend_broken,,,,,,2025-12-03 13:34:37,
605,EPAM,REMOVED,2025-11-13,trend_broken,,,,,,2025-12-03 13:34:37,
606,TT,REMOVED,2025-11-13,trend_broken,,,,,,2025-12-03 13:34:37,
607,NKTR,REMOVED,2025-11-13,trend_broken,,,,,,2025-12-03 13:34:37,
608,SMCI,REMOVED,2025-11-13,trend_broken,,,,,,2025-12-03 13:34:37,
609,TNL,REMOVED,2025-11-13,trend_broken,,,,,,2025-12-03 13:34:37,
610,EPAC,REMOVED,2025-11-13,trend_broken,,,,,,2025-12-03 13:34:37,
611,HUBB,REMOVED,2025-11-13,trend_broken,,,,,,2025-12-03 13:34:37,
612,SLNO,REMOVED,2025-11-13,trend_broken,,,,,,2025-12-03 13:34:37,
613,NMCO,REMOVED,2025-11-13,trend_broken,,,,,,2025-12-03 13:34:37,
614,SMA,REMOVED,2025-11-13,trend_broken,,,,,,2025-12-03 13:34:37,
615,YETI,REMOVED,2025-11-13,trend_broken,,,,,,2025-12-03 13:34:37,
616,EOLS,REMOVED,2025-11-13,trend_broken,,,,,,2025-12-03 13:34:37,
617,HEI,REMOVED,2025-11-13,trend_broken,,,,,,2025-12-03 13:34:37,
618,RAPT,REMOVED,2025-11-13,trend_broken,,,,,,2025-12-03 13:34:37,
619,IDCC,REMOVED,2025-11-13,trend_broken,,,,,,2025-12-03 13:34:37,
620,MNKD,REMOVED,2025-11-13,trend_broken,,,,,,2025-12-03 13:34:37,
621,GLW,REMOVED,2025-11-13,trend_broken,,,,,,2025-12-03 13:34:37,
622,RMBS,REMOVED,2025-11-13,trend_broken,,,,,,2025-12-03 13:34:37,
623,TPH,REMOVED,2025-11-13,trend_broken,,,,,,2025-12-03 13:34:37,
624,RARE,REMOVED,2025-11-13,trend_broken,,,,,,2025-12-03 13:34:37,
625,SMPL,REMOVED,2025-11-13,trend_broken,,,,,,2025-12-03 13:34:37,
626,TPG,REMOVED,2025-11-13,trend_broken,,,,,,2025-12-03 13:34:37,
627,RAPP,REMOVED,2025-11-13,trend_broken,,,,,,2025-12-03 13:34:37,
628,LHX,REMOVED,2025-11-13,trend_broken,,,,,,2025-12-03 13:34:37,
629,ATRO,ADDED,2025-11-14,new_trigger,52.15,47.98,64.67,0.07761225439305885,1.42511042862212,2025-12-03 13:35:08,
630,GRPN,ADDED,2025-11-14,new_trigger,36.82,33.87,45.66,0.05479737486966228,1.8721044329346301,2025-12-03 13:35:08,
631,SMTC,REMOVED,2025-11-14,trend_broken,,,,,,2025-12-03 13:35:09,
632,MOH,REMOVED,2025-11-14,trend_broken,,,,,,2025-12-03 13:35:09,
633,MOFG,REMOVED,2025-11-14,trend_broken,,,,,,2025-12-03 13:35:09,
634,MPLX,REMOVED,2025-11-14,trend_broken,,,,,,2025-12-03 13:35:09,
635,MPC,REMOVED,2025-11-14,trend_broken,,,,,,2025-12-03 13:35:09,
636,BKH,REMOVED,2025-11-14,trend_broken,,,,,,2025-12-03 13:35:09,
637,MP,REMOVED,2025-11-14,trend_broken,,,,,,2025-12-03 13:35:09,
638,MORN,REMOVED,2025-11-14,trend_broken,,,,,,2025-12-03 13:35:09,
639,MPW,REMOVED,2025-11-14,trend_broken,,,,,,2025-12-03 13:35:09,
640,PCQ,ADDED,2025-11-17,new_trigger,44.99,41.39,55.79,0.06758604538810785,3.1767564100036547,2025-12-03 13:36:39,
641,PCOR,ADDED,2025-11-17,new_trigger,44.99,41.39,55.79,0.06758604538810785,3.1767564100036547,2025-12-03 13:36:39,
642,PCRX,ADDED,2025-11-17,new_trigger,44.99,41.39,55.79,0.06758604538810785,3.1767564100036547,2025-12-03 13:36:39,
643,PCT,ADDED,2025-11-17,new_trigger,44.99,41.39,55.79,0.06758604538810785,3.1767564100036547,2025-12-03 13:36:39,
644,PD,ADDED,2025-11-17,new_trigger,6.6,6.07,8.19,0.009918781908627983,3.01859733530718,2025-12-03 13:36:39,
645,WELL,ADDED,2025-11-17,new_trigger,197.27,181.49,244.61,0.2963480543467527,1.6486935253656192,2025-12-03 13:36:39,
646,NWN,REMOVED,2025-11-17,trend_broken,,,,,,2025-12-03 13:36:39,
647,GE,REMOVED,2025-11-17,trend_broken,,,,,,2025-12-03 13:36:39,
648,INTC,REMOVED,2025-11-17,trend_broken,,,,,,2025-12-03 13:36:39,
649,TRVI,REMOVED,2025-11-17,trend_broken,,,,,,2025-12-03 13:36:39,
650,J,REMOVED,2025-11-17,trend_broken,,,,,,2025-12-03 13:36:39,
651,STT,REMOVED,2025-11-17,trend_broken,,,,,,2025-12-03 13:36:39,
652,NPKI,REMOVED,2025-11-17,trend_broken,,,,,,2025-12-03 13:36:39,
653,HTBK,REMOVED,2025-11-17,trend_broken,,,,,,2025-12-03 13:36:39,
654,WFC,REMOVED,2025-11-17,trend_broken,,,,,,2025-12-03 13:36:39,
655,AXP,REMOVED,2025-11-17,trend_broken,,,,,,2025-12-03 13:36:39,
656,TRTX,REMOVED,2025-11-17,trend_broken,,,,,,2025-12-03 13:36:39,
657,AMRX,REMOVED,2025-11-17,trend_broken,,,,,,2025-12-03 13:36:39,
658,CINF,REMOVED,2025-11-17,trend_broken,,,,,,2025-12-03 13:36:39,
659,POWL,REMOVED,2025-11-17,trend_broken,,,,,,2025-12-03 13:36:39,
660,TSLA,REMOVED,2025-11-17,trend_broken,,,,,,2025-12-03 13:36:39,
661,VLY,REMOVED,2025-11-17,trend_broken,,,,,,2025-12-03 13:36:39,
662,TTAN,REMOVED,2025-11-17,trend_broken,,,,,,2025-12-03 13:36:39,
663,TRUP,REMOVED,2025-11-17,trend_broken,,,,,,2025-12-03 13:36:39,
664,TRU,REMOVED,2025-11-17,trend_broken,,,,,,2025-12-03 13:36:39,
665,GS,REMOVED,2025-11-17,trend_broken,,,,,,2025-12-03 13:36:39,
